#
# There is insufficient memory for the Java Runtime Environment to continue.
# Native memory allocation (mmap) failed to map 1119879168 bytes for G1 virtual space
# Possible reasons:
#   The system is out of physical RAM or swap space
#   The process is running with CompressedOops enabled, and the Java Heap may be blocking the growth of the native heap
# Possible solutions:
#   Reduce memory load on the system
#   Increase physical memory or swap space
#   Check if swap backing store is full
#   Decrease Java heap size (-Xmx/-Xms)
#   Decrease number of Java threads
#   Decrease Java thread stack sizes (-Xss)
#   Set larger code cache with -XX:ReservedCodeCacheSize=
#   JVM is running with Zero Based Compressed Oops mode in which the Java heap is
#     placed in the first 32GB address space. The Java Heap base address is the
#     maximum limit for the native heap growth. Please use -XX:HeapBaseMinAddress
#     to set the Java Heap base and to place the Java Heap above 32GB virtual address.
# This output file may be truncated or incomplete.
#
#  Out of Memory Error (os_windows.cpp:3769), pid=9132, tid=6924
#
# JRE version: OpenJDK Runtime Environment (17.0.6) (build 17.0.6+0-b2043.56-9586694)
# Java VM: OpenJDK 64-Bit Server VM (17.0.6+0-b2043.56-9586694, mixed mode, tiered, compressed oops, compressed class ptrs, g1 gc, windows-amd64)
# No core dump will be written. Minidumps are not enabled by default on client versions of Windows
#

---------------  S U M M A R Y ------------

Command Line: --add-opens=java.base/java.util=ALL-UNNAMED --add-opens=java.base/java.lang=ALL-UNNAMED --add-opens=java.base/java.lang.invoke=ALL-UNNAMED --add-opens=java.base/java.util=ALL-UNNAMED --add-opens=java.prefs/java.util.prefs=ALL-UNNAMED --add-opens=java.prefs/java.util.prefs=ALL-UNNAMED --add-opens=java.base/java.nio.charset=ALL-UNNAMED --add-opens=java.base/java.net=ALL-UNNAMED --add-opens=java.base/java.util.concurrent.atomic=ALL-UNNAMED -Xmx4G -Dfile.encoding=windows-1252 -Duser.country=IN -Duser.language=en -Duser.variant org.gradle.launcher.daemon.bootstrap.GradleDaemon 7.5

Host: Intel(R) Core(TM) i3-6100T CPU @ 3.20GHz, 4 cores, 7G,  Windows 10 , 64 bit Build 19041 (10.0.19041.4597)
Time: Thu Jul 25 16:54:12 2024 India Standard Time elapsed time: 9624.665597 seconds (0d 2h 40m 24s)

---------------  T H R E A D  ---------------

Current thread (0x00000255b56de410):  VMThread "VM Thread" [stack: 0x000000c53bd00000,0x000000c53be00000] [id=6924]

Stack: [0x000000c53bd00000,0x000000c53be00000]
Native frames: (J=compiled Java code, j=interpreted, Vv=VM code, C=native code)
V  [jvm.dll+0x683b4a]
V  [jvm.dll+0x842654]
V  [jvm.dll+0x843dfe]
V  [jvm.dll+0x844463]
V  [jvm.dll+0x249b75]
V  [jvm.dll+0x680a19]
V  [jvm.dll+0x674f0a]
V  [jvm.dll+0x309acb]
V  [jvm.dll+0x310f86]
V  [jvm.dll+0x3608ee]
V  [jvm.dll+0x360b1f]
V  [jvm.dll+0x2dfbf8]
V  [jvm.dll+0x2ddec4]
V  [jvm.dll+0x2dd4cc]
V  [jvm.dll+0x321f3b]
V  [jvm.dll+0x84893b]
V  [jvm.dll+0x849674]
V  [jvm.dll+0x849b8d]
V  [jvm.dll+0x849f64]
V  [jvm.dll+0x84a030]
V  [jvm.dll+0x7f25fa]
V  [jvm.dll+0x682985]
C  [ucrtbase.dll+0x21bb2]
C  [KERNEL32.DLL+0x17374]
C  [ntdll.dll+0x4cc91]

VM_Operation (0x000000c5401fa4b0): G1CollectForAllocation, mode: safepoint, requested by thread 0x00000255b7a74a80


---------------  P R O C E S S  ---------------

Threads class SMR info:
_java_thread_list=0x00000255c366f370, length=103, elements={
0x0000025597500ce0, 0x00000255b6013260, 0x00000255b6013fe0, 0x00000255b56efb00,
0x00000255b56f3640, 0x00000255b6043000, 0x00000255b60438c0, 0x00000255b60444b0,
0x00000255b6046e70, 0x00000255b60488a0, 0x00000255b61e11c0, 0x00000255b61e4330,
0x00000255b861c6b0, 0x00000255b776ac90, 0x00000255b776a7c0, 0x00000255b7768610,
0x00000255b7768ae0, 0x00000255b7768fb0, 0x00000255b7769480, 0x00000255ba727d60,
0x00000255ba729f10, 0x00000255ba72ad80, 0x00000255ba72b720, 0x00000255ba729a40,
0x00000255ba7290a0, 0x00000255ba72ca60, 0x00000255ba72d8d0, 0x00000255ba72f5b0,
0x00000255b68ed470, 0x00000255b7522cf0, 0x00000255b75231c0, 0x00000255b7524030,
0x00000255b7528390, 0x00000255b75214e0, 0x00000255b75249d0, 0x00000255b7527520,
0x00000255b75261e0, 0x00000255b7528860, 0x00000255b75266b0, 0x00000255b7526b80,
0x00000255b7527050, 0x00000255b75279f0, 0x00000255b7521010, 0x00000255b7a76760,
0x00000255b7a75420, 0x00000255b7a75dc0, 0x00000255b7a71590, 0x00000255b7a72da0,
0x00000255b7a71a60, 0x00000255b7a73270, 0x00000255b7a70720, 0x00000255b7a76c30,
0x00000255b7a72400, 0x00000255b7a76290, 0x00000255b7a758f0, 0x00000255b7a77100,
0x00000255b7a70bf0, 0x00000255b7a740e0, 0x00000255b7a775d0, 0x00000255b7a77aa0,
0x00000255b7a77f70, 0x00000255b7a710c0, 0x00000255b7a71f30, 0x00000255b7a728d0,
0x00000255b7a73740, 0x00000255b7a745b0, 0x00000255b7a73c10, 0x00000255b7a74a80,
0x00000255baa1e8b0, 0x00000255baa1b890, 0x00000255baa19210, 0x00000255baa18870,
0x00000255baa17060, 0x00000255baa17ed0, 0x00000255baa18d40, 0x00000255baa1bd60,
0x00000255baa17a00, 0x00000255baa1c700, 0x00000255baa17530, 0x00000255baa183a0,
0x00000255baa196e0, 0x00000255baa1da40, 0x00000255baa1d570, 0x00000255baa1aa20,
0x00000255baa1a550, 0x00000255baa1df10, 0x00000255baa19bb0, 0x00000255baa1e3e0,
0x00000255b68f1300, 0x00000255b68ecfa0, 0x00000255b68f17d0, 0x00000255b7769950,
0x00000255b7769e20, 0x00000255b776a2f0, 0x00000255ba72b250, 0x00000255b7522820,
0x00000255b7a74f50, 0x00000255b7525840, 0x00000255c59dbe40, 0x00000255c59d97c0,
0x00000255c59d9c90, 0x00000255b7527ec0, 0x00000255c2ba1d90
}

Java Threads: ( => current thread )
  0x0000025597500ce0 JavaThread "main" [_thread_blocked, id=9060, stack(0x000000c53b700000,0x000000c53b800000)]
  0x00000255b6013260 JavaThread "Reference Handler" daemon [_thread_blocked, id=8480, stack(0x000000c53be00000,0x000000c53bf00000)]
  0x00000255b6013fe0 JavaThread "Finalizer" daemon [_thread_blocked, id=7456, stack(0x000000c53bf00000,0x000000c53c000000)]
  0x00000255b56efb00 JavaThread "Signal Dispatcher" daemon [_thread_blocked, id=3568, stack(0x000000c53c000000,0x000000c53c100000)]
  0x00000255b56f3640 JavaThread "Attach Listener" daemon [_thread_blocked, id=6504, stack(0x000000c53c100000,0x000000c53c200000)]
  0x00000255b6043000 JavaThread "Service Thread" daemon [_thread_blocked, id=3440, stack(0x000000c53c200000,0x000000c53c300000)]
  0x00000255b60438c0 JavaThread "Monitor Deflation Thread" daemon [_thread_blocked, id=8948, stack(0x000000c53c300000,0x000000c53c400000)]
  0x00000255b60444b0 JavaThread "C2 CompilerThread0" daemon [_thread_blocked, id=9296, stack(0x000000c53c400000,0x000000c53c500000)]
  0x00000255b6046e70 JavaThread "C1 CompilerThread0" daemon [_thread_blocked, id=2364, stack(0x000000c53c500000,0x000000c53c600000)]
  0x00000255b60488a0 JavaThread "Sweeper thread" daemon [_thread_blocked, id=9312, stack(0x000000c53c600000,0x000000c53c700000)]
  0x00000255b61e11c0 JavaThread "Common-Cleaner" daemon [_thread_blocked, id=2656, stack(0x000000c53c700000,0x000000c53c800000)]
  0x00000255b61e4330 JavaThread "Notification Thread" daemon [_thread_blocked, id=4976, stack(0x000000c53c800000,0x000000c53c900000)]
  0x00000255b861c6b0 JavaThread "Daemon health stats" [_thread_blocked, id=5312, stack(0x000000c53ce00000,0x000000c53cf00000)]
  0x00000255b776ac90 JavaThread "Incoming local TCP Connector on port 55165" [_thread_in_native, id=3264, stack(0x000000c53cf00000,0x000000c53d000000)]
  0x00000255b776a7c0 JavaThread "Daemon periodic checks" [_thread_blocked, id=124, stack(0x000000c53d000000,0x000000c53d100000)]
  0x00000255b7768610 JavaThread "Cache worker for journal cache (C:\Users\SPIRO24\.gradle\caches\journal-1)" [_thread_blocked, id=3316, stack(0x000000c53d800000,0x000000c53d900000)]
  0x00000255b7768ae0 JavaThread "File lock request listener" [_thread_in_native, id=2404, stack(0x000000c53d900000,0x000000c53da00000)]
  0x00000255b7768fb0 JavaThread "Cache worker for file hash cache (C:\Users\SPIRO24\.gradle\caches\7.5\fileHashes)" [_thread_blocked, id=10696, stack(0x000000c53da00000,0x000000c53db00000)]
  0x00000255b7769480 JavaThread "File watcher server" daemon [_thread_blocked, id=9776, stack(0x000000c53db00000,0x000000c53dc00000)]
  0x00000255ba727d60 JavaThread "File watcher consumer" daemon [_thread_blocked, id=10580, stack(0x000000c53dc00000,0x000000c53dd00000)]
  0x00000255ba729f10 JavaThread "Cache worker for file content cache (C:\Users\SPIRO24\.gradle\caches\7.5\fileContent)" [_thread_blocked, id=504, stack(0x000000c53df00000,0x000000c53e000000)]
  0x00000255ba72ad80 JavaThread "Cache worker for execution history cache (C:\Users\SPIRO24\.gradle\caches\7.5\executionHistory)" [_thread_blocked, id=8016, stack(0x000000c53e200000,0x000000c53e300000)]
  0x00000255ba72b720 JavaThread "jar transforms" [_thread_blocked, id=7916, stack(0x000000c53e300000,0x000000c53e400000)]
  0x00000255ba729a40 JavaThread "Cache worker for kotlin-dsl (C:\Users\SPIRO24\.gradle\caches\7.5\kotlin-dsl)" [_thread_blocked, id=9364, stack(0x000000c53e400000,0x000000c53e500000)]
  0x00000255ba7290a0 JavaThread "jar transforms Thread 2" [_thread_blocked, id=3964, stack(0x000000c53e500000,0x000000c53e600000)]
  0x00000255ba72ca60 JavaThread "jar transforms Thread 3" [_thread_blocked, id=4408, stack(0x000000c53e800000,0x000000c53e900000)]
  0x00000255ba72d8d0 JavaThread "Memory manager" [_thread_blocked, id=10952, stack(0x000000c53e900000,0x000000c53ea00000)]
  0x00000255ba72f5b0 JavaThread "jar transforms Thread 4" [_thread_blocked, id=6008, stack(0x000000c53ea00000,0x000000c53eb00000)]
  0x00000255b68ed470 JavaThread "pool-3-thread-1" [_thread_blocked, id=9652, stack(0x000000c541c00000,0x000000c541d00000)]
  0x00000255b7522cf0 JavaThread "Daemon Thread 2" [_thread_blocked, id=8392, stack(0x000000c53b400000,0x000000c53b500000)]
  0x00000255b75231c0 JavaThread "Handler for socket connection from /127.0.0.1:55165 to /127.0.0.1:59940" [_thread_in_native, id=10612, stack(0x000000c53b500000,0x000000c53b600000)]
  0x00000255b7524030 JavaThread "Cancel handler" [_thread_blocked, id=6324, stack(0x000000c53b600000,0x000000c53b700000)]
  0x00000255b7528390 JavaThread "Daemon worker Thread 2" [_thread_blocked, id=11116, stack(0x000000c53d100000,0x000000c53d200000)]
  0x00000255b75214e0 JavaThread "Asynchronous log dispatcher for DefaultDaemonConnection: socket connection from /127.0.0.1:55165 to /127.0.0.1:59940" [_thread_blocked, id=1720, stack(0x000000c53d200000,0x000000c53d300000)]
  0x00000255b75249d0 JavaThread "Stdin handler" [_thread_blocked, id=3012, stack(0x000000c53d300000,0x000000c53d400000)]
  0x00000255b7527520 JavaThread "Daemon client event forwarder" [_thread_blocked, id=7040, stack(0x000000c53d400000,0x000000c53d500000)]
  0x00000255b75261e0 JavaThread "Cache worker for checksums cache (D:\flutterproject\womenss\android\.gradle\7.5\checksums)" [_thread_blocked, id=3248, stack(0x000000c53d500000,0x000000c53d600000)]
  0x00000255b7528860 JavaThread "Cache worker for cache directory md-rule (C:\Users\SPIRO24\.gradle\caches\7.5\md-rule)" [_thread_blocked, id=1752, stack(0x000000c53d600000,0x000000c53d700000)]
  0x00000255b75266b0 JavaThread "Cache worker for file hash cache (D:\flutterproject\womenss\android\.gradle\7.5\fileHashes)" [_thread_blocked, id=2476, stack(0x000000c53d700000,0x000000c53d800000)]
  0x00000255b7526b80 JavaThread "Cache worker for cache directory md-supplier (C:\Users\SPIRO24\.gradle\caches\7.5\md-supplier)" [_thread_blocked, id=9032, stack(0x000000c53dd00000,0x000000c53de00000)]
  0x00000255b7527050 JavaThread "Cache worker for dependencies-accessors (D:\flutterproject\womenss\android\.gradle\7.5\dependencies-accessors)" [_thread_blocked, id=1580, stack(0x000000c53de00000,0x000000c53df00000)]
  0x00000255b75279f0 JavaThread "Cache worker for Build Output Cleanup Cache (D:\flutter\flutter\packages\flutter_tools\gradle\.gradle\buildOutputCleanup)" [_thread_blocked, id=392, stack(0x000000c53e000000,0x000000c53e100000)]
  0x00000255b7521010 JavaThread "included builds" [_thread_blocked, id=11000, stack(0x000000c53e100000,0x000000c53e200000)]
  0x00000255b7a76760 JavaThread "Execution worker" [_thread_blocked, id=3580, stack(0x000000c53e600000,0x000000c53e700000)]
  0x00000255b7a75420 JavaThread "Execution worker Thread 2" [_thread_blocked, id=7648, stack(0x000000c53e700000,0x000000c53e800000)]
  0x00000255b7a75dc0 JavaThread "Execution worker Thread 3" [_thread_blocked, id=7960, stack(0x000000c53eb00000,0x000000c53ec00000)]
  0x00000255b7a71590 JavaThread "Cache worker for execution history cache (D:\flutter\flutter\packages\flutter_tools\gradle\.gradle\7.5\executionHistory)" [_thread_blocked, id=10532, stack(0x000000c53ec00000,0x000000c53ed00000)]
  0x00000255b7a72da0 JavaThread "Unconstrained build operations" [_thread_blocked, id=4908, stack(0x000000c53ed00000,0x000000c53ee00000)]
  0x00000255b7a71a60 JavaThread "Unconstrained build operations Thread 2" [_thread_blocked, id=2216, stack(0x000000c53ee00000,0x000000c53ef00000)]
  0x00000255b7a73270 JavaThread "Unconstrained build operations Thread 3" [_thread_blocked, id=9896, stack(0x000000c53ef00000,0x000000c53f000000)]
  0x00000255b7a70720 JavaThread "Unconstrained build operations Thread 4" [_thread_blocked, id=792, stack(0x000000c53f000000,0x000000c53f100000)]
  0x00000255b7a76c30 JavaThread "Unconstrained build operations Thread 5" [_thread_blocked, id=10528, stack(0x000000c53f100000,0x000000c53f200000)]
  0x00000255b7a72400 JavaThread "Unconstrained build operations Thread 6" [_thread_blocked, id=8212, stack(0x000000c53f200000,0x000000c53f300000)]
  0x00000255b7a76290 JavaThread "Unconstrained build operations Thread 7" [_thread_blocked, id=10856, stack(0x000000c53f300000,0x000000c53f400000)]
  0x00000255b7a758f0 JavaThread "Unconstrained build operations Thread 8" [_thread_blocked, id=10336, stack(0x000000c53f400000,0x000000c53f500000)]
  0x00000255b7a77100 JavaThread "Unconstrained build operations Thread 9" [_thread_blocked, id=6316, stack(0x000000c53f500000,0x000000c53f600000)]
  0x00000255b7a70bf0 JavaThread "Unconstrained build operations Thread 10" [_thread_blocked, id=9884, stack(0x000000c53f600000,0x000000c53f700000)]
  0x00000255b7a740e0 JavaThread "Unconstrained build operations Thread 11" [_thread_blocked, id=6036, stack(0x000000c53f700000,0x000000c53f800000)]
  0x00000255b7a775d0 JavaThread "Unconstrained build operations Thread 12" [_thread_blocked, id=9480, stack(0x000000c53f800000,0x000000c53f900000)]
  0x00000255b7a77aa0 JavaThread "Unconstrained build operations Thread 13" [_thread_blocked, id=8152, stack(0x000000c53f900000,0x000000c53fa00000)]
  0x00000255b7a77f70 JavaThread "Unconstrained build operations Thread 14" [_thread_blocked, id=6984, stack(0x000000c53fa00000,0x000000c53fb00000)]
  0x00000255b7a710c0 JavaThread "Unconstrained build operations Thread 15" [_thread_blocked, id=5592, stack(0x000000c53fb00000,0x000000c53fc00000)]
  0x00000255b7a71f30 JavaThread "Unconstrained build operations Thread 16" [_thread_blocked, id=4620, stack(0x000000c53fc00000,0x000000c53fd00000)]
  0x00000255b7a728d0 JavaThread "Unconstrained build operations Thread 17" [_thread_blocked, id=3260, stack(0x000000c53fd00000,0x000000c53fe00000)]
  0x00000255b7a73740 JavaThread "Unconstrained build operations Thread 18" [_thread_blocked, id=580, stack(0x000000c53fe00000,0x000000c53ff00000)]
  0x00000255b7a745b0 JavaThread "Unconstrained build operations Thread 19" [_thread_blocked, id=10180, stack(0x000000c53ff00000,0x000000c540000000)]
  0x00000255b7a73c10 JavaThread "Unconstrained build operations Thread 20" [_thread_blocked, id=8860, stack(0x000000c540000000,0x000000c540100000)]
  0x00000255b7a74a80 JavaThread "Unconstrained build operations Thread 21" [_thread_blocked, id=7484, stack(0x000000c540100000,0x000000c540200000)]
  0x00000255baa1e8b0 JavaThread "Unconstrained build operations Thread 22" [_thread_blocked, id=9568, stack(0x000000c540200000,0x000000c540300000)]
  0x00000255baa1b890 JavaThread "Unconstrained build operations Thread 23" [_thread_blocked, id=5356, stack(0x000000c540300000,0x000000c540400000)]
  0x00000255baa19210 JavaThread "Unconstrained build operations Thread 24" [_thread_blocked, id=2924, stack(0x000000c540400000,0x000000c540500000)]
  0x00000255baa18870 JavaThread "Unconstrained build operations Thread 25" [_thread_blocked, id=9648, stack(0x000000c540500000,0x000000c540600000)]
  0x00000255baa17060 JavaThread "Unconstrained build operations Thread 26" [_thread_blocked, id=9300, stack(0x000000c540600000,0x000000c540700000)]
  0x00000255baa17ed0 JavaThread "Unconstrained build operations Thread 27" [_thread_blocked, id=9920, stack(0x000000c540700000,0x000000c540800000)]
  0x00000255baa18d40 JavaThread "Unconstrained build operations Thread 28" [_thread_blocked, id=1552, stack(0x000000c540800000,0x000000c540900000)]
  0x00000255baa1bd60 JavaThread "Unconstrained build operations Thread 29" [_thread_blocked, id=8044, stack(0x000000c540900000,0x000000c540a00000)]
  0x00000255baa17a00 JavaThread "Unconstrained build operations Thread 30" [_thread_blocked, id=10408, stack(0x000000c540a00000,0x000000c540b00000)]
  0x00000255baa1c700 JavaThread "Unconstrained build operations Thread 31" [_thread_blocked, id=8984, stack(0x000000c540b00000,0x000000c540c00000)]
  0x00000255baa17530 JavaThread "Unconstrained build operations Thread 32" [_thread_blocked, id=660, stack(0x000000c540c00000,0x000000c540d00000)]
  0x00000255baa183a0 JavaThread "Unconstrained build operations Thread 33" [_thread_blocked, id=8172, stack(0x000000c540d00000,0x000000c540e00000)]
  0x00000255baa196e0 JavaThread "Unconstrained build operations Thread 34" [_thread_blocked, id=1820, stack(0x000000c540e00000,0x000000c540f00000)]
  0x00000255baa1da40 JavaThread "Unconstrained build operations Thread 35" [_thread_blocked, id=8232, stack(0x000000c540f00000,0x000000c541000000)]
  0x00000255baa1d570 JavaThread "Unconstrained build operations Thread 36" [_thread_blocked, id=6692, stack(0x000000c541000000,0x000000c541100000)]
  0x00000255baa1aa20 JavaThread "Unconstrained build operations Thread 37" [_thread_blocked, id=2856, stack(0x000000c541100000,0x000000c541200000)]
  0x00000255baa1a550 JavaThread "Unconstrained build operations Thread 38" [_thread_blocked, id=1084, stack(0x000000c541200000,0x000000c541300000)]
  0x00000255baa1df10 JavaThread "Unconstrained build operations Thread 39" [_thread_blocked, id=10996, stack(0x000000c541300000,0x000000c541400000)]
  0x00000255baa19bb0 JavaThread "Unconstrained build operations Thread 40" [_thread_blocked, id=4188, stack(0x000000c541400000,0x000000c541500000)]
  0x00000255baa1e3e0 JavaThread "Cache worker for Build Output Cleanup Cache (D:\flutterproject\womenss\android\.gradle\buildOutputCleanup)" [_thread_blocked, id=11172, stack(0x000000c541500000,0x000000c541600000)]
  0x00000255b68f1300 JavaThread "pool-7-thread-1" [_thread_blocked, id=6032, stack(0x000000c541700000,0x000000c541800000)]
  0x00000255b68ecfa0 JavaThread "build event listener" [_thread_blocked, id=10920, stack(0x000000c541800000,0x000000c541900000)]
  0x00000255b68f17d0 JavaThread "Cache worker for execution history cache (D:\flutterproject\womenss\android\.gradle\7.5\executionHistory)" [_thread_blocked, id=364, stack(0x000000c541900000,0x000000c541a00000)]
  0x00000255b7769950 JavaThread "WorkerExecutor Queue" [_thread_blocked, id=2612, stack(0x000000c541e00000,0x000000c541f00000)]
  0x00000255b7769e20 JavaThread "WorkerExecutor Queue Thread 2" [_thread_blocked, id=5368, stack(0x000000c541f00000,0x000000c542000000)]
  0x00000255b776a2f0 JavaThread "WorkerExecutor Queue Thread 3" [_thread_blocked, id=8936, stack(0x000000c542000000,0x000000c542100000)]
  0x00000255ba72b250 JavaThread "WorkerExecutor Queue Thread 4" [_thread_blocked, id=4868, stack(0x000000c542100000,0x000000c542200000)]
  0x00000255b7522820 JavaThread "pool-8-thread-1" [_thread_blocked, id=10348, stack(0x000000c542300000,0x000000c542400000)]
  0x00000255b7a74f50 JavaThread "stderr" [_thread_in_native, id=11028, stack(0x000000c542400000,0x000000c542500000)]
  0x00000255b7525840 JavaThread "stdout" [_thread_in_native, id=8012, stack(0x000000c542500000,0x000000c542600000)]
  0x00000255c59dbe40 JavaThread "RMI Scheduler(0)" daemon [_thread_blocked, id=2608, stack(0x000000c541600000,0x000000c541700000)]
  0x00000255c59d97c0 JavaThread "RMI GC Daemon" daemon [_thread_blocked, id=8672, stack(0x000000c542700000,0x000000c542800000)]
  0x00000255c59d9c90 JavaThread "RMI TCP Accept-0" daemon [_thread_in_native, id=10012, stack(0x000000c542800000,0x000000c542900000)]
  0x00000255b7527ec0 JavaThread "RMI Reaper" [_thread_blocked, id=5820, stack(0x000000c542900000,0x000000c542a00000)]
  0x00000255c2ba1d90 JavaThread "RMI TCP Connection(2)-127.0.0.1" daemon [_thread_in_native, id=7088, stack(0x000000c541a00000,0x000000c541b00000)]

Other Threads:
=>0x00000255b56de410 VMThread "VM Thread" [stack: 0x000000c53bd00000,0x000000c53be00000] [id=6924]
  0x000002559758bdf0 WatcherThread [stack: 0x000000c53c900000,0x000000c53ca00000] [id=9224]
  0x000002559756f8c0 GCTaskThread "GC Thread#0" [stack: 0x000000c53b800000,0x000000c53b900000] [id=5412]
  0x00000255b63ef0b0 GCTaskThread "GC Thread#1" [stack: 0x000000c53cb00000,0x000000c53cc00000] [id=7612]
  0x00000255b63ef360 GCTaskThread "GC Thread#2" [stack: 0x000000c53cc00000,0x000000c53cd00000] [id=9200]
  0x00000255b7246fc0 GCTaskThread "GC Thread#3" [stack: 0x000000c53cd00000,0x000000c53ce00000] [id=336]
  0x0000025597580710 ConcurrentGCThread "G1 Main Marker" [stack: 0x000000c53b900000,0x000000c53ba00000] [id=4628]
  0x0000025597581030 ConcurrentGCThread "G1 Conc#0" [stack: 0x000000c53ba00000,0x000000c53bb00000] [id=1168]
  0x00000255975c3470 ConcurrentGCThread "G1 Refine#0" [stack: 0x000000c53bb00000,0x000000c53bc00000] [id=8864]
  0x00000255b8cfd640 ConcurrentGCThread "G1 Refine#1" [stack: 0x000000c53ca00000,0x000000c53cb00000] [id=7876]
  0x00000255bfcc00c0 ConcurrentGCThread "G1 Refine#2" [stack: 0x000000c542200000,0x000000c542300000] [id=4968]
  0x00000255b55400a0 ConcurrentGCThread "G1 Service" [stack: 0x000000c53bc00000,0x000000c53bd00000] [id=7708]

Threads with active compile tasks:
C2 CompilerThread0  9624735 32382       4       com.android.tools.r8.internal.Pa::a (4413 bytes)

VM state: at safepoint (normal execution)

VM Mutex/Monitor currently owned by a thread:  ([mutex/lock_event])
[0x00000255974fb7c0] Threads_lock - owner thread: 0x00000255b56de410
[0x00000255974fb970] Heap_lock - owner thread: 0x00000255b7a74a80

Heap address: 0x0000000700000000, size: 4096 MB, Compressed Oops mode: Zero based, Oop shift amount: 3

CDS archive(s) not mapped
Compressed class space mapped at: 0x0000000800000000-0x0000000840000000, reserved size: 1073741824
Narrow klass base: 0x0000000800000000, Narrow klass shift: 0, Narrow klass range: 0x40000000

GC Precious Log:
 CPUs: 4 total, 4 available
 Memory: 8064M
 Large Page Support: Disabled
 NUMA Support: Disabled
 Compressed Oops: Enabled (Zero based)
 Heap Region Size: 2M
 Heap Min Capacity: 8M
 Heap Initial Capacity: 128M
 Heap Max Capacity: 4G
 Pre-touch: Disabled
 Parallel Workers: 4
 Concurrent Workers: 1
 Concurrent Refinement Workers: 4
 Periodic GC: Disabled

Heap:
 garbage-first heap   total 1249280K, used 297062K [0x0000000700000000, 0x0000000800000000)
  region size 2048K, 15 young (30720K), 15 survivors (30720K)
 Metaspace       used 143625K, committed 145024K, reserved 1179648K
  class space    used 19023K, committed 19648K, reserved 1048576K

Heap Regions: E=young(eden), S=young(survivor), O=old, HS=humongous(starts), HC=humongous(continues), CS=collection set, F=free, OA=open archive, CA=closed archive, TAMS=top-at-mark-start (previous, next)
|   0|0x0000000700000000, 0x0000000700200000, 0x0000000700200000|100%|HS|  |TAMS 0x0000000700200000, 0x0000000700000000| Complete 
|   1|0x0000000700200000, 0x0000000700400000, 0x0000000700400000|100%|HC|  |TAMS 0x0000000700400000, 0x0000000700200000| Complete 
|   2|0x0000000700400000, 0x0000000700600000, 0x0000000700600000|100%| O|  |TAMS 0x0000000700600000, 0x0000000700400000| Untracked 
|   3|0x0000000700600000, 0x00000007007ed000, 0x0000000700800000| 96%| O|  |TAMS 0x00000007007ed000, 0x0000000700600000| Untracked 
|   4|0x0000000700800000, 0x0000000700a00000, 0x0000000700a00000|100%| O|  |TAMS 0x0000000700a00000, 0x0000000700800000| Untracked 
|   5|0x0000000700a00000, 0x0000000700c00000, 0x0000000700c00000|100%| O|  |TAMS 0x0000000700c00000, 0x0000000700a00000| Untracked 
|   6|0x0000000700c00000, 0x0000000700e00000, 0x0000000700e00000|100%| O|  |TAMS 0x0000000700e00000, 0x0000000700c00000| Untracked 
|   7|0x0000000700e00000, 0x0000000701000000, 0x0000000701000000|100%| O|  |TAMS 0x0000000701000000, 0x0000000700e00000| Untracked 
|   8|0x0000000701000000, 0x0000000701200000, 0x0000000701200000|100%| O|  |TAMS 0x0000000701200000, 0x0000000701000000| Untracked 
|   9|0x0000000701200000, 0x0000000701400000, 0x0000000701400000|100%| O|  |TAMS 0x0000000701400000, 0x0000000701200000| Untracked 
|  10|0x0000000701400000, 0x0000000701600000, 0x0000000701600000|100%| O|  |TAMS 0x0000000701600000, 0x0000000701400000| Untracked 
|  11|0x0000000701600000, 0x0000000701800000, 0x0000000701800000|100%| O|  |TAMS 0x0000000701800000, 0x0000000701600000| Untracked 
|  12|0x0000000701800000, 0x0000000701a00000, 0x0000000701a00000|100%| O|  |TAMS 0x0000000701a00000, 0x0000000701800000| Untracked 
|  13|0x0000000701a00000, 0x0000000701c00000, 0x0000000701c00000|100%| O|  |TAMS 0x0000000701c00000, 0x0000000701a00000| Untracked 
|  14|0x0000000701c00000, 0x0000000701e00000, 0x0000000701e00000|100%| O|  |TAMS 0x0000000701e00000, 0x0000000701c00000| Untracked 
|  15|0x0000000701e00000, 0x0000000702000000, 0x0000000702000000|100%| O|  |TAMS 0x0000000702000000, 0x0000000701e00000| Untracked 
|  16|0x0000000702000000, 0x0000000702200000, 0x0000000702200000|100%| O|  |TAMS 0x0000000702200000, 0x0000000702000000| Untracked 
|  17|0x0000000702200000, 0x0000000702400000, 0x0000000702400000|100%| O|  |TAMS 0x0000000702400000, 0x0000000702200000| Untracked 
|  18|0x0000000702400000, 0x0000000702600000, 0x0000000702600000|100%| O|  |TAMS 0x0000000702600000, 0x0000000702400000| Untracked 
|  19|0x0000000702600000, 0x0000000702800000, 0x0000000702800000|100%| O|  |TAMS 0x0000000702800000, 0x0000000702600000| Untracked 
|  20|0x0000000702800000, 0x0000000702a00000, 0x0000000702a00000|100%| O|  |TAMS 0x0000000702a00000, 0x0000000702800000| Untracked 
|  21|0x0000000702a00000, 0x0000000702c00000, 0x0000000702c00000|100%| O|  |TAMS 0x0000000702c00000, 0x0000000702a00000| Untracked 
|  22|0x0000000702c00000, 0x0000000702e00000, 0x0000000702e00000|100%|HS|  |TAMS 0x0000000702e00000, 0x0000000702c00000| Complete 
|  23|0x0000000702e00000, 0x0000000703000000, 0x0000000703000000|100%| O|  |TAMS 0x0000000703000000, 0x0000000702e00000| Untracked 
|  24|0x0000000703000000, 0x0000000703200000, 0x0000000703200000|100%| O|  |TAMS 0x0000000703200000, 0x0000000703000000| Untracked 
|  25|0x0000000703200000, 0x0000000703400000, 0x0000000703400000|100%| O|  |TAMS 0x0000000703400000, 0x0000000703200000| Untracked 
|  26|0x0000000703400000, 0x0000000703600000, 0x0000000703600000|100%| O|  |TAMS 0x0000000703600000, 0x0000000703400000| Untracked 
|  27|0x0000000703600000, 0x0000000703800000, 0x0000000703800000|100%| O|  |TAMS 0x0000000703800000, 0x0000000703600000| Untracked 
|  28|0x0000000703800000, 0x0000000703a00000, 0x0000000703a00000|100%|HS|  |TAMS 0x0000000703a00000, 0x0000000703800000| Complete 
|  29|0x0000000703a00000, 0x0000000703c00000, 0x0000000703c00000|100%|HC|  |TAMS 0x0000000703c00000, 0x0000000703a00000| Complete 
|  30|0x0000000703c00000, 0x0000000703e00000, 0x0000000703e00000|100%| O|  |TAMS 0x0000000703e00000, 0x0000000703c00000| Untracked 
|  31|0x0000000703e00000, 0x0000000704000000, 0x0000000704000000|100%| O|  |TAMS 0x0000000704000000, 0x0000000703e00000| Untracked 
|  32|0x0000000704000000, 0x0000000704200000, 0x0000000704200000|100%| O|  |TAMS 0x0000000704200000, 0x0000000704000000| Untracked 
|  33|0x0000000704200000, 0x0000000704400000, 0x0000000704400000|100%| O|  |TAMS 0x0000000704400000, 0x0000000704200000| Untracked 
|  34|0x0000000704400000, 0x0000000704600000, 0x0000000704600000|100%| O|  |TAMS 0x0000000704600000, 0x0000000704400000| Untracked 
|  35|0x0000000704600000, 0x0000000704800000, 0x0000000704800000|100%| O|  |TAMS 0x0000000704800000, 0x0000000704600000| Untracked 
|  36|0x0000000704800000, 0x0000000704a00000, 0x0000000704a00000|100%| O|  |TAMS 0x0000000704a00000, 0x0000000704800000| Untracked 
|  37|0x0000000704a00000, 0x0000000704c00000, 0x0000000704c00000|100%| O|  |TAMS 0x0000000704c00000, 0x0000000704a00000| Untracked 
|  38|0x0000000704c00000, 0x0000000704e00000, 0x0000000704e00000|100%| O|  |TAMS 0x0000000704e00000, 0x0000000704c00000| Untracked 
|  39|0x0000000704e00000, 0x0000000705000000, 0x0000000705000000|100%| O|  |TAMS 0x0000000705000000, 0x0000000704e00000| Untracked 
|  40|0x0000000705000000, 0x0000000705200000, 0x0000000705200000|100%| O|  |TAMS 0x0000000705200000, 0x0000000705000000| Untracked 
|  41|0x0000000705200000, 0x0000000705400000, 0x0000000705400000|100%| O|  |TAMS 0x0000000705400000, 0x0000000705200000| Untracked 
|  42|0x0000000705400000, 0x0000000705400000, 0x0000000705600000|  0%| F|  |TAMS 0x0000000705400000, 0x0000000705400000| Untracked 
|  43|0x0000000705600000, 0x0000000705800000, 0x0000000705800000|100%| O|  |TAMS 0x0000000705800000, 0x0000000705600000| Untracked 
|  44|0x0000000705800000, 0x0000000705a00000, 0x0000000705a00000|100%| O|  |TAMS 0x0000000705a00000, 0x0000000705800000| Untracked 
|  45|0x0000000705a00000, 0x0000000705c00000, 0x0000000705c00000|100%| O|  |TAMS 0x0000000705c00000, 0x0000000705a00000| Untracked 
|  46|0x0000000705c00000, 0x0000000705e00000, 0x0000000705e00000|100%| O|  |TAMS 0x0000000705e00000, 0x0000000705c00000| Untracked 
|  47|0x0000000705e00000, 0x0000000706000000, 0x0000000706000000|100%| O|  |TAMS 0x0000000706000000, 0x0000000705e00000| Untracked 
|  48|0x0000000706000000, 0x0000000706200000, 0x0000000706200000|100%| O|  |TAMS 0x0000000706200000, 0x0000000706000000| Untracked 
|  49|0x0000000706200000, 0x0000000706400000, 0x0000000706400000|100%| O|  |TAMS 0x0000000706400000, 0x0000000706200000| Untracked 
|  50|0x0000000706400000, 0x0000000706600000, 0x0000000706600000|100%| O|  |TAMS 0x0000000706600000, 0x0000000706400000| Untracked 
|  51|0x0000000706600000, 0x0000000706800000, 0x0000000706800000|100%| O|  |TAMS 0x0000000706800000, 0x0000000706600000| Untracked 
|  52|0x0000000706800000, 0x0000000706a00000, 0x0000000706a00000|100%| O|  |TAMS 0x0000000706a00000, 0x0000000706800000| Untracked 
|  53|0x0000000706a00000, 0x0000000706c00000, 0x0000000706c00000|100%| O|  |TAMS 0x0000000706c00000, 0x0000000706a00000| Untracked 
|  54|0x0000000706c00000, 0x0000000706c00000, 0x0000000706e00000|  0%| F|  |TAMS 0x0000000706c00000, 0x0000000706c00000| Untracked 
|  55|0x0000000706e00000, 0x0000000707000000, 0x0000000707000000|100%| O|  |TAMS 0x0000000707000000, 0x0000000706e00000| Untracked 
|  56|0x0000000707000000, 0x0000000707200000, 0x0000000707200000|100%| O|  |TAMS 0x0000000707200000, 0x0000000707000000| Untracked 
|  57|0x0000000707200000, 0x0000000707400000, 0x0000000707400000|100%| O|  |TAMS 0x0000000707400000, 0x0000000707200000| Untracked 
|  58|0x0000000707400000, 0x0000000707600000, 0x0000000707600000|100%| O|  |TAMS 0x0000000707400000, 0x0000000707400000| Untracked 
|  59|0x0000000707600000, 0x0000000707800000, 0x0000000707800000|100%| O|  |TAMS 0x0000000707600000, 0x0000000707600000| Untracked 
|  60|0x0000000707800000, 0x0000000707a00000, 0x0000000707a00000|100%|HS|  |TAMS 0x0000000707a00000, 0x0000000707800000| Complete 
|  61|0x0000000707a00000, 0x0000000707c00000, 0x0000000707c00000|100%| O|  |TAMS 0x0000000707c00000, 0x0000000707a00000| Untracked 
|  62|0x0000000707c00000, 0x0000000707c00000, 0x0000000707e00000|  0%| F|  |TAMS 0x0000000707c00000, 0x0000000707c00000| Untracked 
|  63|0x0000000707e00000, 0x0000000707e00000, 0x0000000708000000|  0%| F|  |TAMS 0x0000000707e00000, 0x0000000707e00000| Untracked 
|  64|0x0000000708000000, 0x0000000708200000, 0x0000000708200000|100%| O|  |TAMS 0x0000000708200000, 0x0000000708000000| Untracked 
|  65|0x0000000708200000, 0x0000000708400000, 0x0000000708400000|100%| O|  |TAMS 0x0000000708400000, 0x0000000708200000| Untracked 
|  66|0x0000000708400000, 0x0000000708400000, 0x0000000708600000|  0%| F|  |TAMS 0x0000000708400000, 0x0000000708400000| Untracked 
|  67|0x0000000708600000, 0x0000000708800000, 0x0000000708800000|100%| O|  |TAMS 0x0000000708800000, 0x0000000708600000| Untracked 
|  68|0x0000000708800000, 0x0000000708a00000, 0x0000000708a00000|100%| O|  |TAMS 0x0000000708a00000, 0x0000000708800000| Untracked 
|  69|0x0000000708a00000, 0x0000000708c00000, 0x0000000708c00000|100%| O|  |TAMS 0x0000000708c00000, 0x0000000708a00000| Untracked 
|  70|0x0000000708c00000, 0x0000000708e00000, 0x0000000708e00000|100%| O|  |TAMS 0x0000000708e00000, 0x0000000708c00000| Untracked 
|  71|0x0000000708e00000, 0x0000000709000000, 0x0000000709000000|100%| O|  |TAMS 0x0000000709000000, 0x0000000708e00000| Untracked 
|  72|0x0000000709000000, 0x0000000709200000, 0x0000000709200000|100%| O|  |TAMS 0x0000000709200000, 0x0000000709000000| Untracked 
|  73|0x0000000709200000, 0x0000000709400000, 0x0000000709400000|100%| O|  |TAMS 0x0000000709400000, 0x0000000709200000| Untracked 
|  74|0x0000000709400000, 0x0000000709600000, 0x0000000709600000|100%| O|  |TAMS 0x0000000709600000, 0x0000000709400000| Untracked 
|  75|0x0000000709600000, 0x0000000709800000, 0x0000000709800000|100%| O|  |TAMS 0x0000000709800000, 0x0000000709600000| Untracked 
|  76|0x0000000709800000, 0x0000000709a00000, 0x0000000709a00000|100%| O|  |TAMS 0x0000000709a00000, 0x0000000709800000| Untracked 
|  77|0x0000000709a00000, 0x0000000709c00000, 0x0000000709c00000|100%| O|  |TAMS 0x0000000709c00000, 0x0000000709a00000| Untracked 
|  78|0x0000000709c00000, 0x0000000709e00000, 0x0000000709e00000|100%| O|  |TAMS 0x0000000709e00000, 0x0000000709c00000| Untracked 
|  79|0x0000000709e00000, 0x000000070a000000, 0x000000070a000000|100%| O|  |TAMS 0x000000070a000000, 0x0000000709e00000| Untracked 
|  80|0x000000070a000000, 0x000000070a200000, 0x000000070a200000|100%| O|  |TAMS 0x000000070a200000, 0x000000070a000000| Untracked 
|  81|0x000000070a200000, 0x000000070a400000, 0x000000070a400000|100%| O|  |TAMS 0x000000070a400000, 0x000000070a200000| Untracked 
|  82|0x000000070a400000, 0x000000070a600000, 0x000000070a600000|100%| O|  |TAMS 0x000000070a600000, 0x000000070a400000| Untracked 
|  83|0x000000070a600000, 0x000000070a800000, 0x000000070a800000|100%| O|  |TAMS 0x000000070a800000, 0x000000070a600000| Untracked 
|  84|0x000000070a800000, 0x000000070aa00000, 0x000000070aa00000|100%| O|  |TAMS 0x000000070aa00000, 0x000000070a800000| Untracked 
|  85|0x000000070aa00000, 0x000000070ac00000, 0x000000070ac00000|100%| O|  |TAMS 0x000000070ac00000, 0x000000070aa00000| Untracked 
|  86|0x000000070ac00000, 0x000000070ac00000, 0x000000070ae00000|  0%| F|  |TAMS 0x000000070ac00000, 0x000000070ac00000| Untracked 
|  87|0x000000070ae00000, 0x000000070b000000, 0x000000070b000000|100%| O|  |TAMS 0x000000070ae00000, 0x000000070ae00000| Untracked 
|  88|0x000000070b000000, 0x000000070b200000, 0x000000070b200000|100%| O|  |TAMS 0x000000070b200000, 0x000000070b000000| Untracked 
|  89|0x000000070b200000, 0x000000070b400000, 0x000000070b400000|100%| O|  |TAMS 0x000000070b200000, 0x000000070b200000| Untracked 
|  90|0x000000070b400000, 0x000000070b600000, 0x000000070b600000|100%| O|  |TAMS 0x000000070b400000, 0x000000070b400000| Untracked 
|  91|0x000000070b600000, 0x000000070b600000, 0x000000070b800000|  0%| F|  |TAMS 0x000000070b600000, 0x000000070b600000| Untracked 
|  92|0x000000070b800000, 0x000000070ba00000, 0x000000070ba00000|100%| O|  |TAMS 0x000000070b800000, 0x000000070b800000| Untracked 
|  93|0x000000070ba00000, 0x000000070bc00000, 0x000000070bc00000|100%| O|  |TAMS 0x000000070ba00000, 0x000000070ba00000| Untracked 
|  94|0x000000070bc00000, 0x000000070be00000, 0x000000070be00000|100%| O|  |TAMS 0x000000070bc00000, 0x000000070bc00000| Untracked 
|  95|0x000000070be00000, 0x000000070c000000, 0x000000070c000000|100%| O|  |TAMS 0x000000070be00000, 0x000000070be00000| Untracked 
|  96|0x000000070c000000, 0x000000070c000000, 0x000000070c200000|  0%| F|  |TAMS 0x000000070c000000, 0x000000070c000000| Untracked 
|  97|0x000000070c200000, 0x000000070c200000, 0x000000070c400000|  0%| F|  |TAMS 0x000000070c200000, 0x000000070c200000| Untracked 
|  98|0x000000070c400000, 0x000000070c600000, 0x000000070c600000|100%| O|  |TAMS 0x000000070c600000, 0x000000070c400000| Untracked 
|  99|0x000000070c600000, 0x000000070c800000, 0x000000070c800000|100%| O|  |TAMS 0x000000070c800000, 0x000000070c600000| Untracked 
| 100|0x000000070c800000, 0x000000070ca00000, 0x000000070ca00000|100%| O|  |TAMS 0x000000070ca00000, 0x000000070c800000| Untracked 
| 101|0x000000070ca00000, 0x000000070cc00000, 0x000000070cc00000|100%| O|  |TAMS 0x000000070cc00000, 0x000000070ca00000| Untracked 
| 102|0x000000070cc00000, 0x000000070ce00000, 0x000000070ce00000|100%| O|  |TAMS 0x000000070ce00000, 0x000000070cc00000| Untracked 
| 103|0x000000070ce00000, 0x000000070d000000, 0x000000070d000000|100%| O|  |TAMS 0x000000070d000000, 0x000000070ce00000| Untracked 
| 104|0x000000070d000000, 0x000000070d200000, 0x000000070d200000|100%| O|  |TAMS 0x000000070d200000, 0x000000070d000000| Untracked 
| 105|0x000000070d200000, 0x000000070d400000, 0x000000070d400000|100%| O|  |TAMS 0x000000070d400000, 0x000000070d200000| Untracked 
| 106|0x000000070d400000, 0x000000070d600000, 0x000000070d600000|100%| O|  |TAMS 0x000000070d600000, 0x000000070d400000| Untracked 
| 107|0x000000070d600000, 0x000000070d800000, 0x000000070d800000|100%| O|  |TAMS 0x000000070d800000, 0x000000070d600000| Untracked 
| 108|0x000000070d800000, 0x000000070da00000, 0x000000070da00000|100%| O|  |TAMS 0x000000070da00000, 0x000000070d800000| Untracked 
| 109|0x000000070da00000, 0x000000070dc00000, 0x000000070dc00000|100%| O|  |TAMS 0x000000070dba5a00, 0x000000070da00000| Untracked 
| 110|0x000000070dc00000, 0x000000070de00000, 0x000000070de00000|100%| O|  |TAMS 0x000000070dc00000, 0x000000070dc00000| Untracked 
| 111|0x000000070de00000, 0x000000070e000000, 0x000000070e000000|100%| O|  |TAMS 0x000000070e000000, 0x000000070de00000| Untracked 
| 112|0x000000070e000000, 0x000000070e200000, 0x000000070e200000|100%| O|  |TAMS 0x000000070e200000, 0x000000070e000000| Untracked 
| 113|0x000000070e200000, 0x000000070e400000, 0x000000070e400000|100%| O|  |TAMS 0x000000070e400000, 0x000000070e200000| Untracked 
| 114|0x000000070e400000, 0x000000070e600000, 0x000000070e600000|100%| O|  |TAMS 0x000000070e600000, 0x000000070e400000| Untracked 
| 115|0x000000070e600000, 0x000000070e800000, 0x000000070e800000|100%| O|  |TAMS 0x000000070e800000, 0x000000070e600000| Untracked 
| 116|0x000000070e800000, 0x000000070ea00000, 0x000000070ea00000|100%| O|  |TAMS 0x000000070ea00000, 0x000000070e800000| Untracked 
| 117|0x000000070ea00000, 0x000000070ec00000, 0x000000070ec00000|100%| O|  |TAMS 0x000000070ec00000, 0x000000070ea00000| Untracked 
| 118|0x000000070ec00000, 0x000000070ee00000, 0x000000070ee00000|100%| O|  |TAMS 0x000000070ee00000, 0x000000070ec00000| Untracked 
| 119|0x000000070ee00000, 0x000000070f000000, 0x000000070f000000|100%| O|  |TAMS 0x000000070f000000, 0x000000070ee00000| Untracked 
| 120|0x000000070f000000, 0x000000070f200000, 0x000000070f200000|100%| O|  |TAMS 0x000000070f200000, 0x000000070f000000| Untracked 
| 121|0x000000070f200000, 0x000000070f400000, 0x000000070f400000|100%| O|  |TAMS 0x000000070f200000, 0x000000070f200000| Untracked 
| 122|0x000000070f400000, 0x000000070f600000, 0x000000070f600000|100%| O|  |TAMS 0x000000070f600000, 0x000000070f400000| Untracked 
| 123|0x000000070f600000, 0x000000070f800000, 0x000000070f800000|100%| O|  |TAMS 0x000000070f800000, 0x000000070f600000| Untracked 
| 124|0x000000070f800000, 0x000000070fa00000, 0x000000070fa00000|100%| O|  |TAMS 0x000000070fa00000, 0x000000070f800000| Untracked 
| 125|0x000000070fa00000, 0x000000070fc00000, 0x000000070fc00000|100%| O|  |TAMS 0x000000070fc00000, 0x000000070fa00000| Untracked 
| 126|0x000000070fc00000, 0x000000070fe00000, 0x000000070fe00000|100%| O|  |TAMS 0x000000070fe00000, 0x000000070fc00000| Untracked 
| 127|0x000000070fe00000, 0x0000000710000000, 0x0000000710000000|100%| O|  |TAMS 0x0000000710000000, 0x000000070fe00000| Untracked 
| 128|0x0000000710000000, 0x0000000710200000, 0x0000000710200000|100%| O|  |TAMS 0x0000000710200000, 0x0000000710000000| Untracked 
| 129|0x0000000710200000, 0x0000000710400000, 0x0000000710400000|100%| O|  |TAMS 0x0000000710400000, 0x0000000710200000| Untracked 
| 130|0x0000000710400000, 0x0000000710600000, 0x0000000710600000|100%| O|  |TAMS 0x0000000710600000, 0x0000000710400000| Untracked 
| 131|0x0000000710600000, 0x0000000710800000, 0x0000000710800000|100%| O|  |TAMS 0x0000000710800000, 0x0000000710600000| Untracked 
| 132|0x0000000710800000, 0x0000000710a00000, 0x0000000710a00000|100%| O|  |TAMS 0x0000000710800000, 0x0000000710800000| Untracked 
| 133|0x0000000710a00000, 0x0000000710c00000, 0x0000000710c00000|100%| O|  |TAMS 0x0000000710a00000, 0x0000000710a00000| Untracked 
| 134|0x0000000710c00000, 0x0000000710e00000, 0x0000000710e00000|100%| O|  |TAMS 0x0000000710c00000, 0x0000000710c00000| Untracked 
| 135|0x0000000710e00000, 0x0000000711000000, 0x0000000711000000|100%| O|  |TAMS 0x0000000710e00000, 0x0000000710e00000| Untracked 
| 136|0x0000000711000000, 0x00000007110f4200, 0x0000000711200000| 47%| O|  |TAMS 0x0000000711000000, 0x0000000711000000| Untracked 
| 137|0x0000000711200000, 0x0000000711200000, 0x0000000711400000|  0%| F|  |TAMS 0x0000000711200000, 0x0000000711200000| Untracked 
| 138|0x0000000711400000, 0x0000000711400000, 0x0000000711600000|  0%| F|  |TAMS 0x0000000711400000, 0x0000000711400000| Untracked 
| 139|0x0000000711600000, 0x0000000711600000, 0x0000000711800000|  0%| F|  |TAMS 0x0000000711600000, 0x0000000711600000| Untracked 
| 140|0x0000000711800000, 0x0000000711800000, 0x0000000711a00000|  0%| F|  |TAMS 0x0000000711800000, 0x0000000711800000| Untracked 
| 141|0x0000000711a00000, 0x0000000711a00000, 0x0000000711c00000|  0%| F|  |TAMS 0x0000000711a00000, 0x0000000711a00000| Untracked 
| 142|0x0000000711c00000, 0x0000000711c00000, 0x0000000711e00000|  0%| F|  |TAMS 0x0000000711c00000, 0x0000000711c00000| Untracked 
| 143|0x0000000711e00000, 0x0000000711e00000, 0x0000000712000000|  0%| F|  |TAMS 0x0000000711e00000, 0x0000000711e00000| Untracked 
| 144|0x0000000712000000, 0x0000000712000000, 0x0000000712200000|  0%| F|  |TAMS 0x0000000712000000, 0x0000000712000000| Untracked 
| 145|0x0000000712200000, 0x0000000712200000, 0x0000000712400000|  0%| F|  |TAMS 0x0000000712200000, 0x0000000712200000| Untracked 
| 146|0x0000000712400000, 0x0000000712400000, 0x0000000712600000|  0%| F|  |TAMS 0x0000000712400000, 0x0000000712400000| Untracked 
| 147|0x0000000712600000, 0x0000000712600000, 0x0000000712800000|  0%| F|  |TAMS 0x0000000712600000, 0x0000000712600000| Untracked 
| 148|0x0000000712800000, 0x0000000712800000, 0x0000000712a00000|  0%| F|  |TAMS 0x0000000712800000, 0x0000000712800000| Untracked 
| 149|0x0000000712a00000, 0x0000000712a00000, 0x0000000712c00000|  0%| F|  |TAMS 0x0000000712a00000, 0x0000000712a00000| Untracked 
| 150|0x0000000712c00000, 0x0000000712c00000, 0x0000000712e00000|  0%| F|  |TAMS 0x0000000712c00000, 0x0000000712c00000| Untracked 
| 151|0x0000000712e00000, 0x0000000712e00000, 0x0000000713000000|  0%| F|  |TAMS 0x0000000712e00000, 0x0000000712e00000| Untracked 
| 152|0x0000000713000000, 0x0000000713000000, 0x0000000713200000|  0%| F|  |TAMS 0x0000000713000000, 0x0000000713000000| Untracked 
| 153|0x0000000713200000, 0x0000000713400000, 0x0000000713400000|100%| O|  |TAMS 0x0000000713400000, 0x0000000713200000| Untracked 
| 154|0x0000000713400000, 0x0000000713600000, 0x0000000713600000|100%| O|  |TAMS 0x0000000713600000, 0x0000000713400000| Untracked 
| 155|0x0000000713600000, 0x0000000713800000, 0x0000000713800000|100%| O|  |TAMS 0x0000000713800000, 0x0000000713600000| Untracked 
| 156|0x0000000713800000, 0x0000000713800000, 0x0000000713a00000|  0%| F|  |TAMS 0x0000000713800000, 0x0000000713800000| Untracked 
| 157|0x0000000713a00000, 0x0000000713a00000, 0x0000000713c00000|  0%| F|  |TAMS 0x0000000713a00000, 0x0000000713a00000| Untracked 
| 158|0x0000000713c00000, 0x0000000713c00000, 0x0000000713e00000|  0%| F|  |TAMS 0x0000000713c00000, 0x0000000713c00000| Untracked 
| 159|0x0000000713e00000, 0x0000000713e00000, 0x0000000714000000|  0%| F|  |TAMS 0x0000000713e00000, 0x0000000713e00000| Untracked 
| 160|0x0000000714000000, 0x0000000714000000, 0x0000000714200000|  0%| F|  |TAMS 0x0000000714000000, 0x0000000714000000| Untracked 
| 161|0x0000000714200000, 0x0000000714200000, 0x0000000714400000|  0%| F|  |TAMS 0x0000000714200000, 0x0000000714200000| Untracked 
| 162|0x0000000714400000, 0x0000000714400000, 0x0000000714600000|  0%| F|  |TAMS 0x0000000714400000, 0x0000000714400000| Untracked 
| 163|0x0000000714600000, 0x0000000714600000, 0x0000000714800000|  0%| F|  |TAMS 0x0000000714600000, 0x0000000714600000| Untracked 
| 164|0x0000000714800000, 0x0000000714800000, 0x0000000714a00000|  0%| F|  |TAMS 0x0000000714800000, 0x0000000714800000| Untracked 
| 165|0x0000000714a00000, 0x0000000714a00000, 0x0000000714c00000|  0%| F|  |TAMS 0x0000000714a00000, 0x0000000714a00000| Untracked 
| 166|0x0000000714c00000, 0x0000000714c00000, 0x0000000714e00000|  0%| F|  |TAMS 0x0000000714c00000, 0x0000000714c00000| Untracked 
| 167|0x0000000714e00000, 0x0000000714e00000, 0x0000000715000000|  0%| F|  |TAMS 0x0000000714e00000, 0x0000000714e00000| Untracked 
| 168|0x0000000715000000, 0x0000000715000000, 0x0000000715200000|  0%| F|  |TAMS 0x0000000715000000, 0x0000000715000000| Untracked 
| 169|0x0000000715200000, 0x0000000715200000, 0x0000000715400000|  0%| F|  |TAMS 0x0000000715200000, 0x0000000715200000| Untracked 
| 170|0x0000000715400000, 0x0000000715400000, 0x0000000715600000|  0%| F|  |TAMS 0x0000000715400000, 0x0000000715400000| Untracked 
| 171|0x0000000715600000, 0x0000000715600000, 0x0000000715800000|  0%| F|  |TAMS 0x0000000715600000, 0x0000000715600000| Untracked 
| 172|0x0000000715800000, 0x0000000715800000, 0x0000000715a00000|  0%| F|  |TAMS 0x0000000715800000, 0x0000000715800000| Untracked 
| 173|0x0000000715a00000, 0x0000000715a00000, 0x0000000715c00000|  0%| F|  |TAMS 0x0000000715a00000, 0x0000000715a00000| Untracked 
| 174|0x0000000715c00000, 0x0000000715c00000, 0x0000000715e00000|  0%| F|  |TAMS 0x0000000715c00000, 0x0000000715c00000| Untracked 
| 175|0x0000000715e00000, 0x0000000715e00000, 0x0000000716000000|  0%| F|  |TAMS 0x0000000715e00000, 0x0000000715e00000| Untracked 
| 176|0x0000000716000000, 0x0000000716000000, 0x0000000716200000|  0%| F|  |TAMS 0x0000000716000000, 0x0000000716000000| Untracked 
| 177|0x0000000716200000, 0x0000000716200000, 0x0000000716400000|  0%| F|  |TAMS 0x0000000716200000, 0x0000000716200000| Untracked 
| 178|0x0000000716400000, 0x0000000716400000, 0x0000000716600000|  0%| F|  |TAMS 0x0000000716400000, 0x0000000716400000| Untracked 
| 179|0x0000000716600000, 0x0000000716600000, 0x0000000716800000|  0%| F|  |TAMS 0x0000000716600000, 0x0000000716600000| Untracked 
| 180|0x0000000716800000, 0x0000000716800000, 0x0000000716a00000|  0%| F|  |TAMS 0x0000000716800000, 0x0000000716800000| Untracked 
| 181|0x0000000716a00000, 0x0000000716a00000, 0x0000000716c00000|  0%| F|  |TAMS 0x0000000716a00000, 0x0000000716a00000| Untracked 
| 182|0x0000000716c00000, 0x0000000716c00000, 0x0000000716e00000|  0%| F|  |TAMS 0x0000000716c00000, 0x0000000716c00000| Untracked 
| 183|0x0000000716e00000, 0x0000000716e00000, 0x0000000717000000|  0%| F|  |TAMS 0x0000000716e00000, 0x0000000716e00000| Untracked 
| 184|0x0000000717000000, 0x0000000717000000, 0x0000000717200000|  0%| F|  |TAMS 0x0000000717000000, 0x0000000717000000| Untracked 
| 185|0x0000000717200000, 0x0000000717200000, 0x0000000717400000|  0%| F|  |TAMS 0x0000000717200000, 0x0000000717200000| Untracked 
| 186|0x0000000717400000, 0x0000000717400000, 0x0000000717600000|  0%| F|  |TAMS 0x0000000717400000, 0x0000000717400000| Untracked 
| 187|0x0000000717600000, 0x0000000717600000, 0x0000000717800000|  0%| F|  |TAMS 0x0000000717600000, 0x0000000717600000| Untracked 
| 188|0x0000000717800000, 0x0000000717800000, 0x0000000717a00000|  0%| F|  |TAMS 0x0000000717800000, 0x0000000717800000| Untracked 
| 189|0x0000000717a00000, 0x0000000717a00000, 0x0000000717c00000|  0%| F|  |TAMS 0x0000000717a00000, 0x0000000717a00000| Untracked 
| 190|0x0000000717c00000, 0x0000000717c00000, 0x0000000717e00000|  0%| F|  |TAMS 0x0000000717c00000, 0x0000000717c00000| Untracked 
| 191|0x0000000717e00000, 0x0000000717e00000, 0x0000000718000000|  0%| F|  |TAMS 0x0000000717e00000, 0x0000000717e00000| Untracked 
| 192|0x0000000718000000, 0x0000000718000000, 0x0000000718200000|  0%| F|  |TAMS 0x0000000718000000, 0x0000000718000000| Untracked 
| 193|0x0000000718200000, 0x0000000718200000, 0x0000000718400000|  0%| F|  |TAMS 0x0000000718200000, 0x0000000718200000| Untracked 
| 194|0x0000000718400000, 0x0000000718400000, 0x0000000718600000|  0%| F|  |TAMS 0x0000000718400000, 0x0000000718400000| Untracked 
| 195|0x0000000718600000, 0x0000000718600000, 0x0000000718800000|  0%| F|  |TAMS 0x0000000718600000, 0x0000000718600000| Untracked 
| 196|0x0000000718800000, 0x0000000718800000, 0x0000000718a00000|  0%| F|  |TAMS 0x0000000718800000, 0x0000000718800000| Untracked 
| 197|0x0000000718a00000, 0x0000000718a00000, 0x0000000718c00000|  0%| F|  |TAMS 0x0000000718a00000, 0x0000000718a00000| Untracked 
| 198|0x0000000718c00000, 0x0000000718c00000, 0x0000000718e00000|  0%| F|  |TAMS 0x0000000718c00000, 0x0000000718c00000| Untracked 
| 199|0x0000000718e00000, 0x0000000718e00000, 0x0000000719000000|  0%| F|  |TAMS 0x0000000718e00000, 0x0000000718e00000| Untracked 
| 200|0x0000000719000000, 0x0000000719000000, 0x0000000719200000|  0%| F|  |TAMS 0x0000000719000000, 0x0000000719000000| Untracked 
| 201|0x0000000719200000, 0x0000000719338828, 0x0000000719400000| 61%| S|CS|TAMS 0x0000000719200000, 0x0000000719200000| Complete 
| 202|0x0000000719400000, 0x0000000719600000, 0x0000000719600000|100%| S|CS|TAMS 0x0000000719400000, 0x0000000719400000| Complete 
| 203|0x0000000719600000, 0x0000000719800000, 0x0000000719800000|100%| S|CS|TAMS 0x0000000719600000, 0x0000000719600000| Complete 
| 204|0x0000000719800000, 0x0000000719a00000, 0x0000000719a00000|100%| S|CS|TAMS 0x0000000719800000, 0x0000000719800000| Complete 
| 205|0x0000000719a00000, 0x0000000719c00000, 0x0000000719c00000|100%| S|CS|TAMS 0x0000000719a00000, 0x0000000719a00000| Complete 
| 206|0x0000000719c00000, 0x0000000719e00000, 0x0000000719e00000|100%| S|CS|TAMS 0x0000000719c00000, 0x0000000719c00000| Complete 
| 207|0x0000000719e00000, 0x000000071a000000, 0x000000071a000000|100%| S|CS|TAMS 0x0000000719e00000, 0x0000000719e00000| Complete 
| 208|0x000000071a000000, 0x000000071a200000, 0x000000071a200000|100%| S|CS|TAMS 0x000000071a000000, 0x000000071a000000| Complete 
| 209|0x000000071a200000, 0x000000071a400000, 0x000000071a400000|100%| S|CS|TAMS 0x000000071a200000, 0x000000071a200000| Complete 
| 210|0x000000071a400000, 0x000000071a600000, 0x000000071a600000|100%| S|CS|TAMS 0x000000071a400000, 0x000000071a400000| Complete 
| 211|0x000000071a600000, 0x000000071a800000, 0x000000071a800000|100%| S|CS|TAMS 0x000000071a600000, 0x000000071a600000| Complete 
| 212|0x000000071a800000, 0x000000071aa00000, 0x000000071aa00000|100%| S|CS|TAMS 0x000000071a800000, 0x000000071a800000| Complete 
| 213|0x000000071aa00000, 0x000000071ac00000, 0x000000071ac00000|100%| S|CS|TAMS 0x000000071aa00000, 0x000000071aa00000| Complete 
| 214|0x000000071ac00000, 0x000000071ae00000, 0x000000071ae00000|100%| S|CS|TAMS 0x000000071ac00000, 0x000000071ac00000| Complete 
| 215|0x000000071ae00000, 0x000000071b000000, 0x000000071b000000|100%| S|CS|TAMS 0x000000071ae00000, 0x000000071ae00000| Complete 
| 216|0x000000071b000000, 0x000000071b000000, 0x000000071b200000|  0%| F|  |TAMS 0x000000071b000000, 0x000000071b000000| Untracked 
| 217|0x000000071b200000, 0x000000071b200000, 0x000000071b400000|  0%| F|  |TAMS 0x000000071b200000, 0x000000071b200000| Untracked 
| 218|0x000000071b400000, 0x000000071b400000, 0x000000071b600000|  0%| F|  |TAMS 0x000000071b400000, 0x000000071b400000| Untracked 
| 219|0x000000071b600000, 0x000000071b600000, 0x000000071b800000|  0%| F|  |TAMS 0x000000071b600000, 0x000000071b600000| Untracked 
| 220|0x000000071b800000, 0x000000071b800000, 0x000000071ba00000|  0%| F|  |TAMS 0x000000071b800000, 0x000000071b800000| Untracked 
| 221|0x000000071ba00000, 0x000000071ba00000, 0x000000071bc00000|  0%| F|  |TAMS 0x000000071ba00000, 0x000000071ba00000| Untracked 
| 222|0x000000071bc00000, 0x000000071bc00000, 0x000000071be00000|  0%| F|  |TAMS 0x000000071bc00000, 0x000000071bc00000| Untracked 
| 223|0x000000071be00000, 0x000000071be00000, 0x000000071c000000|  0%| F|  |TAMS 0x000000071be00000, 0x000000071be00000| Untracked 
| 224|0x000000071c000000, 0x000000071c000000, 0x000000071c200000|  0%| F|  |TAMS 0x000000071c000000, 0x000000071c000000| Untracked 
| 225|0x000000071c200000, 0x000000071c200000, 0x000000071c400000|  0%| F|  |TAMS 0x000000071c200000, 0x000000071c200000| Untracked 
| 226|0x000000071c400000, 0x000000071c400000, 0x000000071c600000|  0%| F|  |TAMS 0x000000071c400000, 0x000000071c400000| Untracked 
| 227|0x000000071c600000, 0x000000071c600000, 0x000000071c800000|  0%| F|  |TAMS 0x000000071c600000, 0x000000071c600000| Untracked 
| 228|0x000000071c800000, 0x000000071c800000, 0x000000071ca00000|  0%| F|  |TAMS 0x000000071c800000, 0x000000071c800000| Untracked 
| 229|0x000000071ca00000, 0x000000071ca00000, 0x000000071cc00000|  0%| F|  |TAMS 0x000000071ca00000, 0x000000071ca00000| Untracked 
| 230|0x000000071cc00000, 0x000000071cc00000, 0x000000071ce00000|  0%| F|  |TAMS 0x000000071cc00000, 0x000000071cc00000| Untracked 
| 231|0x000000071ce00000, 0x000000071ce00000, 0x000000071d000000|  0%| F|  |TAMS 0x000000071ce00000, 0x000000071ce00000| Untracked 
| 232|0x000000071d000000, 0x000000071d000000, 0x000000071d200000|  0%| F|  |TAMS 0x000000071d000000, 0x000000071d000000| Untracked 
| 233|0x000000071d200000, 0x000000071d200000, 0x000000071d400000|  0%| F|  |TAMS 0x000000071d200000, 0x000000071d200000| Untracked 
| 234|0x000000071d400000, 0x000000071d400000, 0x000000071d600000|  0%| F|  |TAMS 0x000000071d400000, 0x000000071d400000| Untracked 
| 235|0x000000071d600000, 0x000000071d600000, 0x000000071d800000|  0%| F|  |TAMS 0x000000071d600000, 0x000000071d600000| Untracked 
| 236|0x000000071d800000, 0x000000071d800000, 0x000000071da00000|  0%| F|  |TAMS 0x000000071d800000, 0x000000071d800000| Untracked 
| 237|0x000000071da00000, 0x000000071da00000, 0x000000071dc00000|  0%| F|  |TAMS 0x000000071da00000, 0x000000071da00000| Untracked 
| 238|0x000000071dc00000, 0x000000071dc00000, 0x000000071de00000|  0%| F|  |TAMS 0x000000071dc00000, 0x000000071dc00000| Untracked 
| 239|0x000000071de00000, 0x000000071de00000, 0x000000071e000000|  0%| F|  |TAMS 0x000000071de00000, 0x000000071de00000| Untracked 
| 240|0x000000071e000000, 0x000000071e000000, 0x000000071e200000|  0%| F|  |TAMS 0x000000071e000000, 0x000000071e000000| Untracked 
| 241|0x000000071e200000, 0x000000071e200000, 0x000000071e400000|  0%| F|  |TAMS 0x000000071e200000, 0x000000071e200000| Untracked 
| 242|0x000000071e400000, 0x000000071e400000, 0x000000071e600000|  0%| F|  |TAMS 0x000000071e400000, 0x000000071e400000| Untracked 
| 243|0x000000071e600000, 0x000000071e600000, 0x000000071e800000|  0%| F|  |TAMS 0x000000071e600000, 0x000000071e600000| Untracked 
| 244|0x000000071e800000, 0x000000071e800000, 0x000000071ea00000|  0%| F|  |TAMS 0x000000071e800000, 0x000000071e800000| Untracked 
| 245|0x000000071ea00000, 0x000000071ea00000, 0x000000071ec00000|  0%| F|  |TAMS 0x000000071ea00000, 0x000000071ea00000| Untracked 
| 246|0x000000071ec00000, 0x000000071ec00000, 0x000000071ee00000|  0%| F|  |TAMS 0x000000071ec00000, 0x000000071ec00000| Untracked 
| 247|0x000000071ee00000, 0x000000071ee00000, 0x000000071f000000|  0%| F|  |TAMS 0x000000071ee00000, 0x000000071ee00000| Untracked 
| 248|0x000000071f000000, 0x000000071f000000, 0x000000071f200000|  0%| F|  |TAMS 0x000000071f000000, 0x000000071f000000| Untracked 
| 249|0x000000071f200000, 0x000000071f200000, 0x000000071f400000|  0%| F|  |TAMS 0x000000071f200000, 0x000000071f200000| Untracked 
| 250|0x000000071f400000, 0x000000071f400000, 0x000000071f600000|  0%| F|  |TAMS 0x000000071f400000, 0x000000071f400000| Untracked 
| 251|0x000000071f600000, 0x000000071f600000, 0x000000071f800000|  0%| F|  |TAMS 0x000000071f600000, 0x000000071f600000| Untracked 
| 252|0x000000071f800000, 0x000000071f800000, 0x000000071fa00000|  0%| F|  |TAMS 0x000000071f800000, 0x000000071f800000| Untracked 
| 253|0x000000071fa00000, 0x000000071fa00000, 0x000000071fc00000|  0%| F|  |TAMS 0x000000071fa00000, 0x000000071fa00000| Untracked 
| 254|0x000000071fc00000, 0x000000071fc00000, 0x000000071fe00000|  0%| F|  |TAMS 0x000000071fc00000, 0x000000071fc00000| Untracked 
| 255|0x000000071fe00000, 0x000000071fe00000, 0x0000000720000000|  0%| F|  |TAMS 0x000000071fe00000, 0x000000071fe00000| Untracked 
| 256|0x0000000720000000, 0x0000000720000000, 0x0000000720200000|  0%| F|  |TAMS 0x0000000720000000, 0x0000000720000000| Untracked 
| 257|0x0000000720200000, 0x0000000720200000, 0x0000000720400000|  0%| F|  |TAMS 0x0000000720200000, 0x0000000720200000| Untracked 
| 258|0x0000000720400000, 0x0000000720400000, 0x0000000720600000|  0%| F|  |TAMS 0x0000000720400000, 0x0000000720400000| Untracked 
| 259|0x0000000720600000, 0x0000000720600000, 0x0000000720800000|  0%| F|  |TAMS 0x0000000720600000, 0x0000000720600000| Untracked 
| 260|0x0000000720800000, 0x0000000720800000, 0x0000000720a00000|  0%| F|  |TAMS 0x0000000720800000, 0x0000000720800000| Untracked 
| 261|0x0000000720a00000, 0x0000000720a00000, 0x0000000720c00000|  0%| F|  |TAMS 0x0000000720a00000, 0x0000000720a00000| Untracked 
| 262|0x0000000720c00000, 0x0000000720c00000, 0x0000000720e00000|  0%| F|  |TAMS 0x0000000720c00000, 0x0000000720c00000| Untracked 
| 263|0x0000000720e00000, 0x0000000720e00000, 0x0000000721000000|  0%| F|  |TAMS 0x0000000720e00000, 0x0000000720e00000| Untracked 
| 264|0x0000000721000000, 0x0000000721000000, 0x0000000721200000|  0%| F|  |TAMS 0x0000000721000000, 0x0000000721000000| Untracked 
| 265|0x0000000721200000, 0x0000000721200000, 0x0000000721400000|  0%| F|  |TAMS 0x0000000721200000, 0x0000000721200000| Untracked 
| 266|0x0000000721400000, 0x0000000721400000, 0x0000000721600000|  0%| F|  |TAMS 0x0000000721400000, 0x0000000721400000| Untracked 
| 267|0x0000000721600000, 0x0000000721600000, 0x0000000721800000|  0%| F|  |TAMS 0x0000000721600000, 0x0000000721600000| Untracked 
| 268|0x0000000721800000, 0x0000000721800000, 0x0000000721a00000|  0%| F|  |TAMS 0x0000000721800000, 0x0000000721800000| Untracked 
| 269|0x0000000721a00000, 0x0000000721a00000, 0x0000000721c00000|  0%| F|  |TAMS 0x0000000721a00000, 0x0000000721a00000| Untracked 
| 270|0x0000000721c00000, 0x0000000721c00000, 0x0000000721e00000|  0%| F|  |TAMS 0x0000000721c00000, 0x0000000721c00000| Untracked 
| 271|0x0000000721e00000, 0x0000000721e00000, 0x0000000722000000|  0%| F|  |TAMS 0x0000000721e00000, 0x0000000721e00000| Untracked 
| 272|0x0000000722000000, 0x0000000722000000, 0x0000000722200000|  0%| F|  |TAMS 0x0000000722000000, 0x0000000722000000| Untracked 
| 273|0x0000000722200000, 0x0000000722200000, 0x0000000722400000|  0%| F|  |TAMS 0x0000000722200000, 0x0000000722200000| Untracked 
| 274|0x0000000722400000, 0x0000000722400000, 0x0000000722600000|  0%| F|  |TAMS 0x0000000722400000, 0x0000000722400000| Untracked 
| 275|0x0000000722600000, 0x0000000722600000, 0x0000000722800000|  0%| F|  |TAMS 0x0000000722600000, 0x0000000722600000| Untracked 
| 276|0x0000000722800000, 0x0000000722800000, 0x0000000722a00000|  0%| F|  |TAMS 0x0000000722800000, 0x0000000722800000| Untracked 
| 277|0x0000000722a00000, 0x0000000722a00000, 0x0000000722c00000|  0%| F|  |TAMS 0x0000000722a00000, 0x0000000722a00000| Untracked 
| 278|0x0000000722c00000, 0x0000000722c00000, 0x0000000722e00000|  0%| F|  |TAMS 0x0000000722c00000, 0x0000000722c00000| Untracked 
| 279|0x0000000722e00000, 0x0000000722e00000, 0x0000000723000000|  0%| F|  |TAMS 0x0000000722e00000, 0x0000000722e00000| Untracked 
| 280|0x0000000723000000, 0x0000000723000000, 0x0000000723200000|  0%| F|  |TAMS 0x0000000723000000, 0x0000000723000000| Untracked 
| 281|0x0000000723200000, 0x0000000723200000, 0x0000000723400000|  0%| F|  |TAMS 0x0000000723200000, 0x0000000723200000| Untracked 
| 282|0x0000000723400000, 0x0000000723400000, 0x0000000723600000|  0%| F|  |TAMS 0x0000000723400000, 0x0000000723400000| Untracked 
| 283|0x0000000723600000, 0x0000000723600000, 0x0000000723800000|  0%| F|  |TAMS 0x0000000723600000, 0x0000000723600000| Untracked 
| 284|0x0000000723800000, 0x0000000723800000, 0x0000000723a00000|  0%| F|  |TAMS 0x0000000723800000, 0x0000000723800000| Untracked 
| 285|0x0000000723a00000, 0x0000000723a00000, 0x0000000723c00000|  0%| F|  |TAMS 0x0000000723a00000, 0x0000000723a00000| Untracked 
| 286|0x0000000723c00000, 0x0000000723c00000, 0x0000000723e00000|  0%| F|  |TAMS 0x0000000723c00000, 0x0000000723c00000| Untracked 
| 287|0x0000000723e00000, 0x0000000723e00000, 0x0000000724000000|  0%| F|  |TAMS 0x0000000723e00000, 0x0000000723e00000| Untracked 
| 288|0x0000000724000000, 0x0000000724000000, 0x0000000724200000|  0%| F|  |TAMS 0x0000000724000000, 0x0000000724000000| Untracked 
| 289|0x0000000724200000, 0x0000000724200000, 0x0000000724400000|  0%| F|  |TAMS 0x0000000724200000, 0x0000000724200000| Untracked 
| 290|0x0000000724400000, 0x0000000724400000, 0x0000000724600000|  0%| F|  |TAMS 0x0000000724400000, 0x0000000724400000| Untracked 
| 291|0x0000000724600000, 0x0000000724600000, 0x0000000724800000|  0%| F|  |TAMS 0x0000000724600000, 0x0000000724600000| Untracked 
| 292|0x0000000724800000, 0x0000000724800000, 0x0000000724a00000|  0%| F|  |TAMS 0x0000000724800000, 0x0000000724800000| Untracked 
| 293|0x0000000724a00000, 0x0000000724a00000, 0x0000000724c00000|  0%| F|  |TAMS 0x0000000724a00000, 0x0000000724a00000| Untracked 
| 294|0x0000000724c00000, 0x0000000724c00000, 0x0000000724e00000|  0%| F|  |TAMS 0x0000000724c00000, 0x0000000724c00000| Untracked 
| 295|0x0000000724e00000, 0x0000000724e00000, 0x0000000725000000|  0%| F|  |TAMS 0x0000000724e00000, 0x0000000724e00000| Untracked 
| 296|0x0000000725000000, 0x0000000725000000, 0x0000000725200000|  0%| F|  |TAMS 0x0000000725000000, 0x0000000725000000| Untracked 
| 297|0x0000000725200000, 0x0000000725200000, 0x0000000725400000|  0%| F|  |TAMS 0x0000000725200000, 0x0000000725200000| Untracked 
| 298|0x0000000725400000, 0x0000000725400000, 0x0000000725600000|  0%| F|  |TAMS 0x0000000725400000, 0x0000000725400000| Untracked 
| 299|0x0000000725600000, 0x0000000725600000, 0x0000000725800000|  0%| F|  |TAMS 0x0000000725600000, 0x0000000725600000| Untracked 
| 300|0x0000000725800000, 0x0000000725800000, 0x0000000725a00000|  0%| F|  |TAMS 0x0000000725800000, 0x0000000725800000| Untracked 
| 301|0x0000000725a00000, 0x0000000725a00000, 0x0000000725c00000|  0%| F|  |TAMS 0x0000000725a00000, 0x0000000725a00000| Untracked 
| 302|0x0000000725c00000, 0x0000000725c00000, 0x0000000725e00000|  0%| F|  |TAMS 0x0000000725c00000, 0x0000000725c00000| Untracked 
| 303|0x0000000725e00000, 0x0000000725e00000, 0x0000000726000000|  0%| F|  |TAMS 0x0000000725e00000, 0x0000000725e00000| Untracked 
| 304|0x0000000726000000, 0x0000000726000000, 0x0000000726200000|  0%| F|  |TAMS 0x0000000726000000, 0x0000000726000000| Untracked 
| 305|0x0000000726200000, 0x0000000726200000, 0x0000000726400000|  0%| F|  |TAMS 0x0000000726200000, 0x0000000726200000| Untracked 
| 306|0x0000000726400000, 0x0000000726400000, 0x0000000726600000|  0%| F|  |TAMS 0x0000000726400000, 0x0000000726400000| Untracked 
| 307|0x0000000726600000, 0x0000000726600000, 0x0000000726800000|  0%| F|  |TAMS 0x0000000726600000, 0x0000000726600000| Untracked 
| 308|0x0000000726800000, 0x0000000726800000, 0x0000000726a00000|  0%| F|  |TAMS 0x0000000726800000, 0x0000000726800000| Untracked 
| 309|0x0000000726a00000, 0x0000000726a00000, 0x0000000726c00000|  0%| F|  |TAMS 0x0000000726a00000, 0x0000000726a00000| Untracked 
| 310|0x0000000726c00000, 0x0000000726c00000, 0x0000000726e00000|  0%| F|  |TAMS 0x0000000726c00000, 0x0000000726c00000| Untracked 
| 311|0x0000000726e00000, 0x0000000726e00000, 0x0000000727000000|  0%| F|  |TAMS 0x0000000726e00000, 0x0000000726e00000| Untracked 
| 312|0x0000000727000000, 0x0000000727000000, 0x0000000727200000|  0%| F|  |TAMS 0x0000000727000000, 0x0000000727000000| Untracked 
| 313|0x0000000727200000, 0x0000000727200000, 0x0000000727400000|  0%| F|  |TAMS 0x0000000727200000, 0x0000000727200000| Untracked 
| 314|0x0000000727400000, 0x0000000727400000, 0x0000000727600000|  0%| F|  |TAMS 0x0000000727400000, 0x0000000727400000| Untracked 
| 315|0x0000000727600000, 0x0000000727600000, 0x0000000727800000|  0%| F|  |TAMS 0x0000000727600000, 0x0000000727600000| Untracked 
| 316|0x0000000727800000, 0x0000000727800000, 0x0000000727a00000|  0%| F|  |TAMS 0x0000000727800000, 0x0000000727800000| Untracked 
| 317|0x0000000727a00000, 0x0000000727a00000, 0x0000000727c00000|  0%| F|  |TAMS 0x0000000727a00000, 0x0000000727a00000| Untracked 
| 318|0x0000000727c00000, 0x0000000727c00000, 0x0000000727e00000|  0%| F|  |TAMS 0x0000000727c00000, 0x0000000727c00000| Untracked 
| 319|0x0000000727e00000, 0x0000000727e00000, 0x0000000728000000|  0%| F|  |TAMS 0x0000000727e00000, 0x0000000727e00000| Untracked 
| 320|0x0000000728000000, 0x0000000728000000, 0x0000000728200000|  0%| F|  |TAMS 0x0000000728000000, 0x0000000728000000| Untracked 
| 321|0x0000000728200000, 0x0000000728200000, 0x0000000728400000|  0%| F|  |TAMS 0x0000000728200000, 0x0000000728200000| Untracked 
| 322|0x0000000728400000, 0x0000000728400000, 0x0000000728600000|  0%| F|  |TAMS 0x0000000728400000, 0x0000000728400000| Untracked 
| 323|0x0000000728600000, 0x0000000728600000, 0x0000000728800000|  0%| F|  |TAMS 0x0000000728600000, 0x0000000728600000| Untracked 
| 324|0x0000000728800000, 0x0000000728800000, 0x0000000728a00000|  0%| F|  |TAMS 0x0000000728800000, 0x0000000728800000| Untracked 
| 325|0x0000000728a00000, 0x0000000728a00000, 0x0000000728c00000|  0%| F|  |TAMS 0x0000000728a00000, 0x0000000728a00000| Untracked 
| 326|0x0000000728c00000, 0x0000000728c00000, 0x0000000728e00000|  0%| F|  |TAMS 0x0000000728c00000, 0x0000000728c00000| Untracked 
| 327|0x0000000728e00000, 0x0000000728e00000, 0x0000000729000000|  0%| F|  |TAMS 0x0000000728e00000, 0x0000000728e00000| Untracked 
| 328|0x0000000729000000, 0x0000000729000000, 0x0000000729200000|  0%| F|  |TAMS 0x0000000729000000, 0x0000000729000000| Untracked 
| 329|0x0000000729200000, 0x0000000729200000, 0x0000000729400000|  0%| F|  |TAMS 0x0000000729200000, 0x0000000729200000| Untracked 
| 330|0x0000000729400000, 0x0000000729400000, 0x0000000729600000|  0%| F|  |TAMS 0x0000000729400000, 0x0000000729400000| Untracked 
| 331|0x0000000729600000, 0x0000000729600000, 0x0000000729800000|  0%| F|  |TAMS 0x0000000729600000, 0x0000000729600000| Untracked 
| 332|0x0000000729800000, 0x0000000729800000, 0x0000000729a00000|  0%| F|  |TAMS 0x0000000729800000, 0x0000000729800000| Untracked 
| 333|0x0000000729a00000, 0x0000000729a00000, 0x0000000729c00000|  0%| F|  |TAMS 0x0000000729a00000, 0x0000000729a00000| Untracked 
| 334|0x0000000729c00000, 0x0000000729c00000, 0x0000000729e00000|  0%| F|  |TAMS 0x0000000729c00000, 0x0000000729c00000| Untracked 
| 335|0x0000000729e00000, 0x0000000729e00000, 0x000000072a000000|  0%| F|  |TAMS 0x0000000729e00000, 0x0000000729e00000| Untracked 
| 336|0x000000072a000000, 0x000000072a000000, 0x000000072a200000|  0%| F|  |TAMS 0x000000072a000000, 0x000000072a000000| Untracked 
| 337|0x000000072a200000, 0x000000072a200000, 0x000000072a400000|  0%| F|  |TAMS 0x000000072a200000, 0x000000072a200000| Untracked 
| 338|0x000000072a400000, 0x000000072a400000, 0x000000072a600000|  0%| F|  |TAMS 0x000000072a400000, 0x000000072a400000| Untracked 
| 339|0x000000072a600000, 0x000000072a600000, 0x000000072a800000|  0%| F|  |TAMS 0x000000072a600000, 0x000000072a600000| Untracked 
| 340|0x000000072a800000, 0x000000072a800000, 0x000000072aa00000|  0%| F|  |TAMS 0x000000072a800000, 0x000000072a800000| Untracked 
| 341|0x000000072aa00000, 0x000000072aa00000, 0x000000072ac00000|  0%| F|  |TAMS 0x000000072aa00000, 0x000000072aa00000| Untracked 
| 342|0x000000072ac00000, 0x000000072ac00000, 0x000000072ae00000|  0%| F|  |TAMS 0x000000072ac00000, 0x000000072ac00000| Untracked 
| 343|0x000000072ae00000, 0x000000072ae00000, 0x000000072b000000|  0%| F|  |TAMS 0x000000072ae00000, 0x000000072ae00000| Untracked 
| 344|0x000000072b000000, 0x000000072b000000, 0x000000072b200000|  0%| F|  |TAMS 0x000000072b000000, 0x000000072b000000| Untracked 
| 345|0x000000072b200000, 0x000000072b200000, 0x000000072b400000|  0%| F|  |TAMS 0x000000072b200000, 0x000000072b200000| Untracked 
| 346|0x000000072b400000, 0x000000072b400000, 0x000000072b600000|  0%| F|  |TAMS 0x000000072b400000, 0x000000072b400000| Untracked 
| 347|0x000000072b600000, 0x000000072b600000, 0x000000072b800000|  0%| F|  |TAMS 0x000000072b600000, 0x000000072b600000| Untracked 
| 348|0x000000072b800000, 0x000000072b800000, 0x000000072ba00000|  0%| F|  |TAMS 0x000000072b800000, 0x000000072b800000| Untracked 
| 349|0x000000072ba00000, 0x000000072ba00000, 0x000000072bc00000|  0%| F|  |TAMS 0x000000072ba00000, 0x000000072ba00000| Untracked 
| 350|0x000000072bc00000, 0x000000072bc00000, 0x000000072be00000|  0%| F|  |TAMS 0x000000072bc00000, 0x000000072bc00000| Untracked 
| 351|0x000000072be00000, 0x000000072be00000, 0x000000072c000000|  0%| F|  |TAMS 0x000000072be00000, 0x000000072be00000| Untracked 
| 352|0x000000072c000000, 0x000000072c000000, 0x000000072c200000|  0%| F|  |TAMS 0x000000072c000000, 0x000000072c000000| Untracked 
| 353|0x000000072c200000, 0x000000072c200000, 0x000000072c400000|  0%| F|  |TAMS 0x000000072c200000, 0x000000072c200000| Untracked 
| 354|0x000000072c400000, 0x000000072c400000, 0x000000072c600000|  0%| F|  |TAMS 0x000000072c400000, 0x000000072c400000| Untracked 
| 355|0x000000072c600000, 0x000000072c600000, 0x000000072c800000|  0%| F|  |TAMS 0x000000072c600000, 0x000000072c600000| Untracked 
| 356|0x000000072c800000, 0x000000072c800000, 0x000000072ca00000|  0%| F|  |TAMS 0x000000072c800000, 0x000000072c800000| Untracked 
| 357|0x000000072ca00000, 0x000000072ca00000, 0x000000072cc00000|  0%| F|  |TAMS 0x000000072ca00000, 0x000000072ca00000| Untracked 
| 358|0x000000072cc00000, 0x000000072cc00000, 0x000000072ce00000|  0%| F|  |TAMS 0x000000072cc00000, 0x000000072cc00000| Untracked 
| 359|0x000000072ce00000, 0x000000072ce00000, 0x000000072d000000|  0%| F|  |TAMS 0x000000072ce00000, 0x000000072ce00000| Untracked 
| 360|0x000000072d000000, 0x000000072d000000, 0x000000072d200000|  0%| F|  |TAMS 0x000000072d000000, 0x000000072d000000| Untracked 
| 361|0x000000072d200000, 0x000000072d200000, 0x000000072d400000|  0%| F|  |TAMS 0x000000072d200000, 0x000000072d200000| Untracked 
| 362|0x000000072d400000, 0x000000072d400000, 0x000000072d600000|  0%| F|  |TAMS 0x000000072d400000, 0x000000072d400000| Untracked 
| 363|0x000000072d600000, 0x000000072d600000, 0x000000072d800000|  0%| F|  |TAMS 0x000000072d600000, 0x000000072d600000| Untracked 
| 364|0x000000072d800000, 0x000000072d800000, 0x000000072da00000|  0%| F|  |TAMS 0x000000072d800000, 0x000000072d800000| Untracked 
| 365|0x000000072da00000, 0x000000072da00000, 0x000000072dc00000|  0%| F|  |TAMS 0x000000072da00000, 0x000000072da00000| Untracked 
| 366|0x000000072dc00000, 0x000000072dc00000, 0x000000072de00000|  0%| F|  |TAMS 0x000000072dc00000, 0x000000072dc00000| Untracked 
| 367|0x000000072de00000, 0x000000072de00000, 0x000000072e000000|  0%| F|  |TAMS 0x000000072de00000, 0x000000072de00000| Untracked 
| 368|0x000000072e000000, 0x000000072e000000, 0x000000072e200000|  0%| F|  |TAMS 0x000000072e000000, 0x000000072e000000| Untracked 
| 369|0x000000072e200000, 0x000000072e200000, 0x000000072e400000|  0%| F|  |TAMS 0x000000072e200000, 0x000000072e200000| Untracked 
| 370|0x000000072e400000, 0x000000072e400000, 0x000000072e600000|  0%| F|  |TAMS 0x000000072e400000, 0x000000072e400000| Untracked 
| 371|0x000000072e600000, 0x000000072e600000, 0x000000072e800000|  0%| F|  |TAMS 0x000000072e600000, 0x000000072e600000| Untracked 
| 372|0x000000072e800000, 0x000000072e800000, 0x000000072ea00000|  0%| F|  |TAMS 0x000000072e800000, 0x000000072e800000| Untracked 
| 373|0x000000072ea00000, 0x000000072ea00000, 0x000000072ec00000|  0%| F|  |TAMS 0x000000072ea00000, 0x000000072ea00000| Untracked 
| 374|0x000000072ec00000, 0x000000072ec00000, 0x000000072ee00000|  0%| F|  |TAMS 0x000000072ec00000, 0x000000072ec00000| Untracked 
| 375|0x000000072ee00000, 0x000000072ee00000, 0x000000072f000000|  0%| F|  |TAMS 0x000000072ee00000, 0x000000072ee00000| Untracked 
| 376|0x000000072f000000, 0x000000072f000000, 0x000000072f200000|  0%| F|  |TAMS 0x000000072f000000, 0x000000072f000000| Untracked 
| 377|0x000000072f200000, 0x000000072f200000, 0x000000072f400000|  0%| F|  |TAMS 0x000000072f200000, 0x000000072f200000| Untracked 
| 378|0x000000072f400000, 0x000000072f400000, 0x000000072f600000|  0%| F|  |TAMS 0x000000072f400000, 0x000000072f400000| Untracked 
| 379|0x000000072f600000, 0x000000072f600000, 0x000000072f800000|  0%| F|  |TAMS 0x000000072f600000, 0x000000072f600000| Untracked 
| 380|0x000000072f800000, 0x000000072f800000, 0x000000072fa00000|  0%| F|  |TAMS 0x000000072f800000, 0x000000072f800000| Untracked 
| 381|0x000000072fa00000, 0x000000072fa00000, 0x000000072fc00000|  0%| F|  |TAMS 0x000000072fa00000, 0x000000072fa00000| Untracked 
| 382|0x000000072fc00000, 0x000000072fc00000, 0x000000072fe00000|  0%| F|  |TAMS 0x000000072fc00000, 0x000000072fc00000| Untracked 
| 383|0x000000072fe00000, 0x000000072fe00000, 0x0000000730000000|  0%| F|  |TAMS 0x000000072fe00000, 0x000000072fe00000| Untracked 
| 384|0x0000000730000000, 0x0000000730000000, 0x0000000730200000|  0%| F|  |TAMS 0x0000000730000000, 0x0000000730000000| Untracked 
| 385|0x0000000730200000, 0x0000000730200000, 0x0000000730400000|  0%| F|  |TAMS 0x0000000730200000, 0x0000000730200000| Untracked 
| 386|0x0000000730400000, 0x0000000730400000, 0x0000000730600000|  0%| F|  |TAMS 0x0000000730400000, 0x0000000730400000| Untracked 
| 387|0x0000000730600000, 0x0000000730600000, 0x0000000730800000|  0%| F|  |TAMS 0x0000000730600000, 0x0000000730600000| Untracked 
| 388|0x0000000730800000, 0x0000000730800000, 0x0000000730a00000|  0%| F|  |TAMS 0x0000000730800000, 0x0000000730800000| Untracked 
| 389|0x0000000730a00000, 0x0000000730a00000, 0x0000000730c00000|  0%| F|  |TAMS 0x0000000730a00000, 0x0000000730a00000| Untracked 
| 390|0x0000000730c00000, 0x0000000730c00000, 0x0000000730e00000|  0%| F|  |TAMS 0x0000000730c00000, 0x0000000730c00000| Untracked 
| 391|0x0000000730e00000, 0x0000000730e00000, 0x0000000731000000|  0%| F|  |TAMS 0x0000000730e00000, 0x0000000730e00000| Untracked 
| 392|0x0000000731000000, 0x0000000731000000, 0x0000000731200000|  0%| F|  |TAMS 0x0000000731000000, 0x0000000731000000| Untracked 
| 393|0x0000000731200000, 0x0000000731200000, 0x0000000731400000|  0%| F|  |TAMS 0x0000000731200000, 0x0000000731200000| Untracked 
| 394|0x0000000731400000, 0x0000000731400000, 0x0000000731600000|  0%| F|  |TAMS 0x0000000731400000, 0x0000000731400000| Untracked 
| 395|0x0000000731600000, 0x0000000731600000, 0x0000000731800000|  0%| F|  |TAMS 0x0000000731600000, 0x0000000731600000| Untracked 
| 396|0x0000000731800000, 0x0000000731800000, 0x0000000731a00000|  0%| F|  |TAMS 0x0000000731800000, 0x0000000731800000| Untracked 
| 397|0x0000000731a00000, 0x0000000731a00000, 0x0000000731c00000|  0%| F|  |TAMS 0x0000000731a00000, 0x0000000731a00000| Untracked 
| 398|0x0000000731c00000, 0x0000000731c00000, 0x0000000731e00000|  0%| F|  |TAMS 0x0000000731c00000, 0x0000000731c00000| Untracked 
| 399|0x0000000731e00000, 0x0000000731e00000, 0x0000000732000000|  0%| F|  |TAMS 0x0000000731e00000, 0x0000000731e00000| Untracked 
| 400|0x0000000732000000, 0x0000000732000000, 0x0000000732200000|  0%| F|  |TAMS 0x0000000732000000, 0x0000000732000000| Untracked 
| 401|0x0000000732200000, 0x0000000732200000, 0x0000000732400000|  0%| F|  |TAMS 0x0000000732200000, 0x0000000732200000| Untracked 
| 402|0x0000000732400000, 0x0000000732400000, 0x0000000732600000|  0%| F|  |TAMS 0x0000000732400000, 0x0000000732400000| Untracked 
| 403|0x0000000732600000, 0x0000000732600000, 0x0000000732800000|  0%| F|  |TAMS 0x0000000732600000, 0x0000000732600000| Untracked 
| 404|0x0000000732800000, 0x0000000732800000, 0x0000000732a00000|  0%| F|  |TAMS 0x0000000732800000, 0x0000000732800000| Untracked 
| 405|0x0000000732a00000, 0x0000000732a00000, 0x0000000732c00000|  0%| F|  |TAMS 0x0000000732a00000, 0x0000000732a00000| Untracked 
| 406|0x0000000732c00000, 0x0000000732c00000, 0x0000000732e00000|  0%| F|  |TAMS 0x0000000732c00000, 0x0000000732c00000| Untracked 
| 407|0x0000000732e00000, 0x0000000732e00000, 0x0000000733000000|  0%| F|  |TAMS 0x0000000732e00000, 0x0000000732e00000| Untracked 
| 408|0x0000000733000000, 0x0000000733000000, 0x0000000733200000|  0%| F|  |TAMS 0x0000000733000000, 0x0000000733000000| Untracked 
| 409|0x0000000733200000, 0x0000000733200000, 0x0000000733400000|  0%| F|  |TAMS 0x0000000733200000, 0x0000000733200000| Untracked 
| 410|0x0000000733400000, 0x0000000733400000, 0x0000000733600000|  0%| F|  |TAMS 0x0000000733400000, 0x0000000733400000| Untracked 
| 411|0x0000000733600000, 0x0000000733600000, 0x0000000733800000|  0%| F|  |TAMS 0x0000000733600000, 0x0000000733600000| Untracked 
| 412|0x0000000733800000, 0x0000000733800000, 0x0000000733a00000|  0%| F|  |TAMS 0x0000000733800000, 0x0000000733800000| Untracked 
| 413|0x0000000733a00000, 0x0000000733a00000, 0x0000000733c00000|  0%| F|  |TAMS 0x0000000733a00000, 0x0000000733a00000| Untracked 
| 414|0x0000000733c00000, 0x0000000733c00000, 0x0000000733e00000|  0%| F|  |TAMS 0x0000000733c00000, 0x0000000733c00000| Untracked 
| 415|0x0000000733e00000, 0x0000000733e00000, 0x0000000734000000|  0%| F|  |TAMS 0x0000000733e00000, 0x0000000733e00000| Untracked 
| 416|0x0000000734000000, 0x0000000734000000, 0x0000000734200000|  0%| F|  |TAMS 0x0000000734000000, 0x0000000734000000| Untracked 
| 417|0x0000000734200000, 0x0000000734200000, 0x0000000734400000|  0%| F|  |TAMS 0x0000000734200000, 0x0000000734200000| Untracked 
| 418|0x0000000734400000, 0x0000000734400000, 0x0000000734600000|  0%| F|  |TAMS 0x0000000734400000, 0x0000000734400000| Untracked 
| 419|0x0000000734600000, 0x0000000734600000, 0x0000000734800000|  0%| F|  |TAMS 0x0000000734600000, 0x0000000734600000| Untracked 
| 420|0x0000000734800000, 0x0000000734800000, 0x0000000734a00000|  0%| F|  |TAMS 0x0000000734800000, 0x0000000734800000| Untracked 
| 421|0x0000000734a00000, 0x0000000734a00000, 0x0000000734c00000|  0%| F|  |TAMS 0x0000000734a00000, 0x0000000734a00000| Untracked 
| 422|0x0000000734c00000, 0x0000000734c00000, 0x0000000734e00000|  0%| F|  |TAMS 0x0000000734c00000, 0x0000000734c00000| Untracked 
| 423|0x0000000734e00000, 0x0000000734e00000, 0x0000000735000000|  0%| F|  |TAMS 0x0000000734e00000, 0x0000000734e00000| Untracked 
| 424|0x0000000735000000, 0x0000000735000000, 0x0000000735200000|  0%| F|  |TAMS 0x0000000735000000, 0x0000000735000000| Untracked 
| 425|0x0000000735200000, 0x0000000735200000, 0x0000000735400000|  0%| F|  |TAMS 0x0000000735200000, 0x0000000735200000| Untracked 
| 426|0x0000000735400000, 0x0000000735400000, 0x0000000735600000|  0%| F|  |TAMS 0x0000000735400000, 0x0000000735400000| Untracked 
| 427|0x0000000735600000, 0x0000000735600000, 0x0000000735800000|  0%| F|  |TAMS 0x0000000735600000, 0x0000000735600000| Untracked 
| 428|0x0000000735800000, 0x0000000735800000, 0x0000000735a00000|  0%| F|  |TAMS 0x0000000735800000, 0x0000000735800000| Untracked 
| 429|0x0000000735a00000, 0x0000000735a00000, 0x0000000735c00000|  0%| F|  |TAMS 0x0000000735a00000, 0x0000000735a00000| Untracked 
| 430|0x0000000735c00000, 0x0000000735c00000, 0x0000000735e00000|  0%| F|  |TAMS 0x0000000735c00000, 0x0000000735c00000| Untracked 
| 431|0x0000000735e00000, 0x0000000735e00000, 0x0000000736000000|  0%| F|  |TAMS 0x0000000735e00000, 0x0000000735e00000| Untracked 
| 432|0x0000000736000000, 0x0000000736000000, 0x0000000736200000|  0%| F|  |TAMS 0x0000000736000000, 0x0000000736000000| Untracked 
| 433|0x0000000736200000, 0x0000000736200000, 0x0000000736400000|  0%| F|  |TAMS 0x0000000736200000, 0x0000000736200000| Untracked 
| 434|0x0000000736400000, 0x0000000736400000, 0x0000000736600000|  0%| F|  |TAMS 0x0000000736400000, 0x0000000736400000| Untracked 
| 435|0x0000000736600000, 0x0000000736600000, 0x0000000736800000|  0%| F|  |TAMS 0x0000000736600000, 0x0000000736600000| Untracked 
| 436|0x0000000736800000, 0x0000000736800000, 0x0000000736a00000|  0%| F|  |TAMS 0x0000000736800000, 0x0000000736800000| Untracked 
| 437|0x0000000736a00000, 0x0000000736a00000, 0x0000000736c00000|  0%| F|  |TAMS 0x0000000736a00000, 0x0000000736a00000| Untracked 
| 438|0x0000000736c00000, 0x0000000736c00000, 0x0000000736e00000|  0%| F|  |TAMS 0x0000000736c00000, 0x0000000736c00000| Untracked 
| 439|0x0000000736e00000, 0x0000000736e00000, 0x0000000737000000|  0%| F|  |TAMS 0x0000000736e00000, 0x0000000736e00000| Untracked 
| 440|0x0000000737000000, 0x0000000737000000, 0x0000000737200000|  0%| F|  |TAMS 0x0000000737000000, 0x0000000737000000| Untracked 
| 441|0x0000000737200000, 0x0000000737200000, 0x0000000737400000|  0%| F|  |TAMS 0x0000000737200000, 0x0000000737200000| Untracked 
| 442|0x0000000737400000, 0x0000000737400000, 0x0000000737600000|  0%| F|  |TAMS 0x0000000737400000, 0x0000000737400000| Untracked 
| 443|0x0000000737600000, 0x0000000737600000, 0x0000000737800000|  0%| F|  |TAMS 0x0000000737600000, 0x0000000737600000| Untracked 
| 444|0x0000000737800000, 0x0000000737800000, 0x0000000737a00000|  0%| F|  |TAMS 0x0000000737800000, 0x0000000737800000| Untracked 
| 445|0x0000000737a00000, 0x0000000737a00000, 0x0000000737c00000|  0%| F|  |TAMS 0x0000000737a00000, 0x0000000737a00000| Untracked 
| 446|0x0000000737c00000, 0x0000000737c00000, 0x0000000737e00000|  0%| F|  |TAMS 0x0000000737c00000, 0x0000000737c00000| Untracked 
| 447|0x0000000737e00000, 0x0000000737e00000, 0x0000000738000000|  0%| F|  |TAMS 0x0000000737e00000, 0x0000000737e00000| Untracked 
| 448|0x0000000738000000, 0x0000000738000000, 0x0000000738200000|  0%| F|  |TAMS 0x0000000738000000, 0x0000000738000000| Untracked 
| 449|0x0000000738200000, 0x0000000738200000, 0x0000000738400000|  0%| F|  |TAMS 0x0000000738200000, 0x0000000738200000| Untracked 
| 450|0x0000000738400000, 0x0000000738400000, 0x0000000738600000|  0%| F|  |TAMS 0x0000000738400000, 0x0000000738400000| Untracked 
| 451|0x0000000738600000, 0x0000000738600000, 0x0000000738800000|  0%| F|  |TAMS 0x0000000738600000, 0x0000000738600000| Untracked 
| 452|0x0000000738800000, 0x0000000738800000, 0x0000000738a00000|  0%| F|  |TAMS 0x0000000738800000, 0x0000000738800000| Untracked 
| 453|0x0000000738a00000, 0x0000000738a00000, 0x0000000738c00000|  0%| F|  |TAMS 0x0000000738a00000, 0x0000000738a00000| Untracked 
| 454|0x0000000738c00000, 0x0000000738c00000, 0x0000000738e00000|  0%| F|  |TAMS 0x0000000738c00000, 0x0000000738c00000| Untracked 
| 455|0x0000000738e00000, 0x0000000738e00000, 0x0000000739000000|  0%| F|  |TAMS 0x0000000738e00000, 0x0000000738e00000| Untracked 
| 456|0x0000000739000000, 0x0000000739000000, 0x0000000739200000|  0%| F|  |TAMS 0x0000000739000000, 0x0000000739000000| Untracked 
| 457|0x0000000739200000, 0x0000000739200000, 0x0000000739400000|  0%| F|  |TAMS 0x0000000739200000, 0x0000000739200000| Untracked 
| 458|0x0000000739400000, 0x0000000739400000, 0x0000000739600000|  0%| F|  |TAMS 0x0000000739400000, 0x0000000739400000| Untracked 
| 459|0x0000000739600000, 0x0000000739600000, 0x0000000739800000|  0%| F|  |TAMS 0x0000000739600000, 0x0000000739600000| Untracked 
| 460|0x0000000739800000, 0x0000000739800000, 0x0000000739a00000|  0%| F|  |TAMS 0x0000000739800000, 0x0000000739800000| Untracked 
| 461|0x0000000739a00000, 0x0000000739a00000, 0x0000000739c00000|  0%| F|  |TAMS 0x0000000739a00000, 0x0000000739a00000| Untracked 
| 462|0x0000000739c00000, 0x0000000739c00000, 0x0000000739e00000|  0%| F|  |TAMS 0x0000000739c00000, 0x0000000739c00000| Untracked 
| 463|0x0000000739e00000, 0x0000000739e00000, 0x000000073a000000|  0%| F|  |TAMS 0x0000000739e00000, 0x0000000739e00000| Untracked 
| 464|0x000000073a000000, 0x000000073a000000, 0x000000073a200000|  0%| F|  |TAMS 0x000000073a000000, 0x000000073a000000| Untracked 
| 465|0x000000073a200000, 0x000000073a200000, 0x000000073a400000|  0%| F|  |TAMS 0x000000073a200000, 0x000000073a200000| Untracked 
| 466|0x000000073a400000, 0x000000073a400000, 0x000000073a600000|  0%| F|  |TAMS 0x000000073a400000, 0x000000073a400000| Untracked 
| 467|0x000000073a600000, 0x000000073a600000, 0x000000073a800000|  0%| F|  |TAMS 0x000000073a600000, 0x000000073a600000| Untracked 
| 468|0x000000073a800000, 0x000000073a800000, 0x000000073aa00000|  0%| F|  |TAMS 0x000000073a800000, 0x000000073a800000| Untracked 
| 469|0x000000073aa00000, 0x000000073aa00000, 0x000000073ac00000|  0%| F|  |TAMS 0x000000073aa00000, 0x000000073aa00000| Untracked 
| 470|0x000000073ac00000, 0x000000073ac00000, 0x000000073ae00000|  0%| F|  |TAMS 0x000000073ac00000, 0x000000073ac00000| Untracked 
| 471|0x000000073ae00000, 0x000000073ae00000, 0x000000073b000000|  0%| F|  |TAMS 0x000000073ae00000, 0x000000073ae00000| Untracked 
| 472|0x000000073b000000, 0x000000073b000000, 0x000000073b200000|  0%| F|  |TAMS 0x000000073b000000, 0x000000073b000000| Untracked 
| 473|0x000000073b200000, 0x000000073b200000, 0x000000073b400000|  0%| F|  |TAMS 0x000000073b200000, 0x000000073b200000| Untracked 
| 474|0x000000073b400000, 0x000000073b400000, 0x000000073b600000|  0%| F|  |TAMS 0x000000073b400000, 0x000000073b400000| Untracked 
| 475|0x000000073b600000, 0x000000073b600000, 0x000000073b800000|  0%| F|  |TAMS 0x000000073b600000, 0x000000073b600000| Untracked 
| 476|0x000000073b800000, 0x000000073b800000, 0x000000073ba00000|  0%| F|  |TAMS 0x000000073b800000, 0x000000073b800000| Untracked 
| 477|0x000000073ba00000, 0x000000073ba00000, 0x000000073bc00000|  0%| F|  |TAMS 0x000000073ba00000, 0x000000073ba00000| Untracked 
| 478|0x000000073bc00000, 0x000000073bc00000, 0x000000073be00000|  0%| F|  |TAMS 0x000000073bc00000, 0x000000073bc00000| Untracked 
| 479|0x000000073be00000, 0x000000073be00000, 0x000000073c000000|  0%| F|  |TAMS 0x000000073be00000, 0x000000073be00000| Untracked 
| 480|0x000000073c000000, 0x000000073c000000, 0x000000073c200000|  0%| F|  |TAMS 0x000000073c000000, 0x000000073c000000| Untracked 
| 481|0x000000073c200000, 0x000000073c200000, 0x000000073c400000|  0%| F|  |TAMS 0x000000073c200000, 0x000000073c200000| Untracked 
| 482|0x000000073c400000, 0x000000073c400000, 0x000000073c600000|  0%| F|  |TAMS 0x000000073c400000, 0x000000073c400000| Untracked 
| 483|0x000000073c600000, 0x000000073c600000, 0x000000073c800000|  0%| F|  |TAMS 0x000000073c600000, 0x000000073c600000| Untracked 
| 484|0x000000073c800000, 0x000000073c800000, 0x000000073ca00000|  0%| F|  |TAMS 0x000000073c800000, 0x000000073c800000| Untracked 
| 485|0x000000073ca00000, 0x000000073ca00000, 0x000000073cc00000|  0%| F|  |TAMS 0x000000073ca00000, 0x000000073ca00000| Untracked 
| 486|0x000000073cc00000, 0x000000073cc00000, 0x000000073ce00000|  0%| F|  |TAMS 0x000000073cc00000, 0x000000073cc00000| Untracked 
| 487|0x000000073ce00000, 0x000000073ce00000, 0x000000073d000000|  0%| F|  |TAMS 0x000000073ce00000, 0x000000073ce00000| Untracked 
| 488|0x000000073d000000, 0x000000073d000000, 0x000000073d200000|  0%| F|  |TAMS 0x000000073d000000, 0x000000073d000000| Untracked 
| 489|0x000000073d200000, 0x000000073d200000, 0x000000073d400000|  0%| F|  |TAMS 0x000000073d200000, 0x000000073d200000| Untracked 
| 490|0x000000073d400000, 0x000000073d400000, 0x000000073d600000|  0%| F|  |TAMS 0x000000073d400000, 0x000000073d400000| Untracked 
| 491|0x000000073d600000, 0x000000073d600000, 0x000000073d800000|  0%| F|  |TAMS 0x000000073d600000, 0x000000073d600000| Untracked 
| 492|0x000000073d800000, 0x000000073d800000, 0x000000073da00000|  0%| F|  |TAMS 0x000000073d800000, 0x000000073d800000| Untracked 
| 493|0x000000073da00000, 0x000000073da00000, 0x000000073dc00000|  0%| F|  |TAMS 0x000000073da00000, 0x000000073da00000| Untracked 
| 494|0x000000073dc00000, 0x000000073dc00000, 0x000000073de00000|  0%| F|  |TAMS 0x000000073dc00000, 0x000000073dc00000| Untracked 
| 495|0x000000073de00000, 0x000000073de00000, 0x000000073e000000|  0%| F|  |TAMS 0x000000073de00000, 0x000000073de00000| Untracked 
| 496|0x000000073e000000, 0x000000073e000000, 0x000000073e200000|  0%| F|  |TAMS 0x000000073e000000, 0x000000073e000000| Untracked 
| 497|0x000000073e200000, 0x000000073e200000, 0x000000073e400000|  0%| F|  |TAMS 0x000000073e200000, 0x000000073e200000| Untracked 
| 498|0x000000073e400000, 0x000000073e400000, 0x000000073e600000|  0%| F|  |TAMS 0x000000073e400000, 0x000000073e400000| Untracked 
| 499|0x000000073e600000, 0x000000073e600000, 0x000000073e800000|  0%| F|  |TAMS 0x000000073e600000, 0x000000073e600000| Untracked 
| 500|0x000000073e800000, 0x000000073e800000, 0x000000073ea00000|  0%| F|  |TAMS 0x000000073e800000, 0x000000073e800000| Untracked 
| 501|0x000000073ea00000, 0x000000073ea00000, 0x000000073ec00000|  0%| F|  |TAMS 0x000000073ea00000, 0x000000073ea00000| Untracked 
| 502|0x000000073ec00000, 0x000000073ec00000, 0x000000073ee00000|  0%| F|  |TAMS 0x000000073ec00000, 0x000000073ec00000| Untracked 
| 503|0x000000073ee00000, 0x000000073ee00000, 0x000000073f000000|  0%| F|  |TAMS 0x000000073ee00000, 0x000000073ee00000| Untracked 
| 504|0x000000073f000000, 0x000000073f000000, 0x000000073f200000|  0%| F|  |TAMS 0x000000073f000000, 0x000000073f000000| Untracked 
| 505|0x000000073f200000, 0x000000073f200000, 0x000000073f400000|  0%| F|  |TAMS 0x000000073f200000, 0x000000073f200000| Untracked 
| 506|0x000000073f400000, 0x000000073f400000, 0x000000073f600000|  0%| F|  |TAMS 0x000000073f400000, 0x000000073f400000| Untracked 
| 507|0x000000073f600000, 0x000000073f600000, 0x000000073f800000|  0%| F|  |TAMS 0x000000073f600000, 0x000000073f600000| Untracked 
| 508|0x000000073f800000, 0x000000073f800000, 0x000000073fa00000|  0%| F|  |TAMS 0x000000073f800000, 0x000000073f800000| Untracked 
| 509|0x000000073fa00000, 0x000000073fa00000, 0x000000073fc00000|  0%| F|  |TAMS 0x000000073fa00000, 0x000000073fa00000| Untracked 
| 510|0x000000073fc00000, 0x000000073fc00000, 0x000000073fe00000|  0%| F|  |TAMS 0x000000073fc00000, 0x000000073fc00000| Untracked 
| 511|0x000000073fe00000, 0x000000073fe00000, 0x0000000740000000|  0%| F|  |TAMS 0x000000073fe00000, 0x000000073fe00000| Untracked 
| 512|0x0000000740000000, 0x0000000740000000, 0x0000000740200000|  0%| F|  |TAMS 0x0000000740000000, 0x0000000740000000| Untracked 
| 513|0x0000000740200000, 0x0000000740200000, 0x0000000740400000|  0%| F|  |TAMS 0x0000000740200000, 0x0000000740200000| Untracked 
| 514|0x0000000740400000, 0x0000000740400000, 0x0000000740600000|  0%| F|  |TAMS 0x0000000740400000, 0x0000000740400000| Untracked 
| 515|0x0000000740600000, 0x0000000740600000, 0x0000000740800000|  0%| F|  |TAMS 0x0000000740600000, 0x0000000740600000| Untracked 
| 516|0x0000000740800000, 0x0000000740800000, 0x0000000740a00000|  0%| F|  |TAMS 0x0000000740800000, 0x0000000740800000| Untracked 
| 517|0x0000000740a00000, 0x0000000740a00000, 0x0000000740c00000|  0%| F|  |TAMS 0x0000000740a00000, 0x0000000740a00000| Untracked 
| 518|0x0000000740c00000, 0x0000000740c00000, 0x0000000740e00000|  0%| F|  |TAMS 0x0000000740c00000, 0x0000000740c00000| Untracked 
| 519|0x0000000740e00000, 0x0000000740e00000, 0x0000000741000000|  0%| F|  |TAMS 0x0000000740e00000, 0x0000000740e00000| Untracked 
| 520|0x0000000741000000, 0x0000000741000000, 0x0000000741200000|  0%| F|  |TAMS 0x0000000741000000, 0x0000000741000000| Untracked 
| 521|0x0000000741200000, 0x0000000741200000, 0x0000000741400000|  0%| F|  |TAMS 0x0000000741200000, 0x0000000741200000| Untracked 
| 522|0x0000000741400000, 0x0000000741400000, 0x0000000741600000|  0%| F|  |TAMS 0x0000000741400000, 0x0000000741400000| Untracked 
| 523|0x0000000741600000, 0x0000000741600000, 0x0000000741800000|  0%| F|  |TAMS 0x0000000741600000, 0x0000000741600000| Untracked 
| 524|0x0000000741800000, 0x0000000741800000, 0x0000000741a00000|  0%| F|  |TAMS 0x0000000741800000, 0x0000000741800000| Untracked 
| 525|0x0000000741a00000, 0x0000000741a00000, 0x0000000741c00000|  0%| F|  |TAMS 0x0000000741a00000, 0x0000000741a00000| Untracked 
| 526|0x0000000741c00000, 0x0000000741c00000, 0x0000000741e00000|  0%| F|  |TAMS 0x0000000741c00000, 0x0000000741c00000| Untracked 
| 527|0x0000000741e00000, 0x0000000741e00000, 0x0000000742000000|  0%| F|  |TAMS 0x0000000741e00000, 0x0000000741e00000| Untracked 
| 528|0x0000000742000000, 0x0000000742000000, 0x0000000742200000|  0%| F|  |TAMS 0x0000000742000000, 0x0000000742000000| Untracked 
| 529|0x0000000742200000, 0x0000000742200000, 0x0000000742400000|  0%| F|  |TAMS 0x0000000742200000, 0x0000000742200000| Untracked 
| 530|0x0000000742400000, 0x0000000742400000, 0x0000000742600000|  0%| F|  |TAMS 0x0000000742400000, 0x0000000742400000| Untracked 
| 531|0x0000000742600000, 0x0000000742600000, 0x0000000742800000|  0%| F|  |TAMS 0x0000000742600000, 0x0000000742600000| Untracked 
| 532|0x0000000742800000, 0x0000000742800000, 0x0000000742a00000|  0%| F|  |TAMS 0x0000000742800000, 0x0000000742800000| Untracked 
| 533|0x0000000742a00000, 0x0000000742a00000, 0x0000000742c00000|  0%| F|  |TAMS 0x0000000742a00000, 0x0000000742a00000| Untracked 
| 534|0x0000000742c00000, 0x0000000742c00000, 0x0000000742e00000|  0%| F|  |TAMS 0x0000000742c00000, 0x0000000742c00000| Untracked 
| 535|0x0000000742e00000, 0x0000000742e00000, 0x0000000743000000|  0%| F|  |TAMS 0x0000000742e00000, 0x0000000742e00000| Untracked 
| 536|0x0000000743000000, 0x0000000743000000, 0x0000000743200000|  0%| F|  |TAMS 0x0000000743000000, 0x0000000743000000| Untracked 
| 537|0x0000000743200000, 0x0000000743200000, 0x0000000743400000|  0%| F|  |TAMS 0x0000000743200000, 0x0000000743200000| Untracked 
| 538|0x0000000743400000, 0x0000000743400000, 0x0000000743600000|  0%| F|  |TAMS 0x0000000743400000, 0x0000000743400000| Untracked 
| 539|0x0000000743600000, 0x0000000743600000, 0x0000000743800000|  0%| F|  |TAMS 0x0000000743600000, 0x0000000743600000| Untracked 
| 540|0x0000000743800000, 0x0000000743800000, 0x0000000743a00000|  0%| F|  |TAMS 0x0000000743800000, 0x0000000743800000| Untracked 
| 541|0x0000000743a00000, 0x0000000743a00000, 0x0000000743c00000|  0%| F|  |TAMS 0x0000000743a00000, 0x0000000743a00000| Untracked 
| 542|0x0000000743c00000, 0x0000000743c00000, 0x0000000743e00000|  0%| F|  |TAMS 0x0000000743c00000, 0x0000000743c00000| Untracked 
| 543|0x0000000743e00000, 0x0000000743e00000, 0x0000000744000000|  0%| F|  |TAMS 0x0000000743e00000, 0x0000000743e00000| Untracked 
| 544|0x0000000744000000, 0x0000000744000000, 0x0000000744200000|  0%| F|  |TAMS 0x0000000744000000, 0x0000000744000000| Untracked 
| 545|0x0000000744200000, 0x0000000744200000, 0x0000000744400000|  0%| F|  |TAMS 0x0000000744200000, 0x0000000744200000| Untracked 
| 546|0x0000000744400000, 0x0000000744400000, 0x0000000744600000|  0%| F|  |TAMS 0x0000000744400000, 0x0000000744400000| Untracked 
| 547|0x0000000744600000, 0x0000000744600000, 0x0000000744800000|  0%| F|  |TAMS 0x0000000744600000, 0x0000000744600000| Untracked 
| 548|0x0000000744800000, 0x0000000744800000, 0x0000000744a00000|  0%| F|  |TAMS 0x0000000744800000, 0x0000000744800000| Untracked 
| 549|0x0000000744a00000, 0x0000000744a00000, 0x0000000744c00000|  0%| F|  |TAMS 0x0000000744a00000, 0x0000000744a00000| Untracked 
| 550|0x0000000744c00000, 0x0000000744c00000, 0x0000000744e00000|  0%| F|  |TAMS 0x0000000744c00000, 0x0000000744c00000| Untracked 
| 551|0x0000000744e00000, 0x0000000744e00000, 0x0000000745000000|  0%| F|  |TAMS 0x0000000744e00000, 0x0000000744e00000| Untracked 
| 552|0x0000000745000000, 0x0000000745000000, 0x0000000745200000|  0%| F|  |TAMS 0x0000000745000000, 0x0000000745000000| Untracked 
| 553|0x0000000745200000, 0x0000000745200000, 0x0000000745400000|  0%| F|  |TAMS 0x0000000745200000, 0x0000000745200000| Untracked 
| 554|0x0000000745400000, 0x0000000745400000, 0x0000000745600000|  0%| F|  |TAMS 0x0000000745400000, 0x0000000745400000| Untracked 
| 555|0x0000000745600000, 0x0000000745600000, 0x0000000745800000|  0%| F|  |TAMS 0x0000000745600000, 0x0000000745600000| Untracked 
| 556|0x0000000745800000, 0x0000000745800000, 0x0000000745a00000|  0%| F|  |TAMS 0x0000000745800000, 0x0000000745800000| Untracked 
| 557|0x0000000745a00000, 0x0000000745a00000, 0x0000000745c00000|  0%| F|  |TAMS 0x0000000745a00000, 0x0000000745a00000| Untracked 
| 558|0x0000000745c00000, 0x0000000745c00000, 0x0000000745e00000|  0%| F|  |TAMS 0x0000000745c00000, 0x0000000745c00000| Untracked 
| 559|0x0000000745e00000, 0x0000000745e00000, 0x0000000746000000|  0%| F|  |TAMS 0x0000000745e00000, 0x0000000745e00000| Untracked 
| 560|0x0000000746000000, 0x0000000746000000, 0x0000000746200000|  0%| F|  |TAMS 0x0000000746000000, 0x0000000746000000| Untracked 
| 561|0x0000000746200000, 0x0000000746200000, 0x0000000746400000|  0%| F|  |TAMS 0x0000000746200000, 0x0000000746200000| Untracked 
| 562|0x0000000746400000, 0x0000000746400000, 0x0000000746600000|  0%| F|  |TAMS 0x0000000746400000, 0x0000000746400000| Untracked 
| 563|0x0000000746600000, 0x0000000746600000, 0x0000000746800000|  0%| F|  |TAMS 0x0000000746600000, 0x0000000746600000| Untracked 
| 564|0x0000000746800000, 0x0000000746800000, 0x0000000746a00000|  0%| F|  |TAMS 0x0000000746800000, 0x0000000746800000| Untracked 
| 565|0x0000000746a00000, 0x0000000746a00000, 0x0000000746c00000|  0%| F|  |TAMS 0x0000000746a00000, 0x0000000746a00000| Untracked 
| 566|0x0000000746c00000, 0x0000000746c00000, 0x0000000746e00000|  0%| F|  |TAMS 0x0000000746c00000, 0x0000000746c00000| Untracked 
| 567|0x0000000746e00000, 0x0000000746e00000, 0x0000000747000000|  0%| F|  |TAMS 0x0000000746e00000, 0x0000000746e00000| Untracked 
| 568|0x0000000747000000, 0x0000000747000000, 0x0000000747200000|  0%| F|  |TAMS 0x0000000747000000, 0x0000000747000000| Untracked 
| 569|0x0000000747200000, 0x0000000747200000, 0x0000000747400000|  0%| F|  |TAMS 0x0000000747200000, 0x0000000747200000| Untracked 
| 570|0x0000000747400000, 0x0000000747400000, 0x0000000747600000|  0%| F|  |TAMS 0x0000000747400000, 0x0000000747400000| Untracked 
| 571|0x0000000747600000, 0x0000000747600000, 0x0000000747800000|  0%| F|  |TAMS 0x0000000747600000, 0x0000000747600000| Untracked 
| 572|0x0000000747800000, 0x0000000747800000, 0x0000000747a00000|  0%| F|  |TAMS 0x0000000747800000, 0x0000000747800000| Untracked 
| 573|0x0000000747a00000, 0x0000000747a00000, 0x0000000747c00000|  0%| F|  |TAMS 0x0000000747a00000, 0x0000000747a00000| Untracked 
| 574|0x0000000747c00000, 0x0000000747c00000, 0x0000000747e00000|  0%| F|  |TAMS 0x0000000747c00000, 0x0000000747c00000| Untracked 
| 575|0x0000000747e00000, 0x0000000747e00000, 0x0000000748000000|  0%| F|  |TAMS 0x0000000747e00000, 0x0000000747e00000| Untracked 
| 576|0x0000000748000000, 0x0000000748000000, 0x0000000748200000|  0%| F|  |TAMS 0x0000000748000000, 0x0000000748000000| Untracked 
| 577|0x0000000748200000, 0x0000000748200000, 0x0000000748400000|  0%| F|  |TAMS 0x0000000748200000, 0x0000000748200000| Untracked 
| 578|0x0000000748400000, 0x0000000748400000, 0x0000000748600000|  0%| F|  |TAMS 0x0000000748400000, 0x0000000748400000| Untracked 
| 579|0x0000000748600000, 0x0000000748600000, 0x0000000748800000|  0%| F|  |TAMS 0x0000000748600000, 0x0000000748600000| Untracked 
| 580|0x0000000748800000, 0x0000000748800000, 0x0000000748a00000|  0%| F|  |TAMS 0x0000000748800000, 0x0000000748800000| Untracked 
| 581|0x0000000748a00000, 0x0000000748a00000, 0x0000000748c00000|  0%| F|  |TAMS 0x0000000748a00000, 0x0000000748a00000| Untracked 
| 582|0x0000000748c00000, 0x0000000748c00000, 0x0000000748e00000|  0%| F|  |TAMS 0x0000000748c00000, 0x0000000748c00000| Untracked 
| 583|0x0000000748e00000, 0x0000000748e00000, 0x0000000749000000|  0%| F|  |TAMS 0x0000000748e00000, 0x0000000748e00000| Untracked 
| 584|0x0000000749000000, 0x0000000749000000, 0x0000000749200000|  0%| F|  |TAMS 0x0000000749000000, 0x0000000749000000| Untracked 
| 585|0x0000000749200000, 0x0000000749200000, 0x0000000749400000|  0%| F|  |TAMS 0x0000000749200000, 0x0000000749200000| Untracked 
| 586|0x0000000749400000, 0x0000000749400000, 0x0000000749600000|  0%| F|  |TAMS 0x0000000749400000, 0x0000000749400000| Untracked 
| 587|0x0000000749600000, 0x0000000749600000, 0x0000000749800000|  0%| F|  |TAMS 0x0000000749600000, 0x0000000749600000| Untracked 
| 588|0x0000000749800000, 0x0000000749800000, 0x0000000749a00000|  0%| F|  |TAMS 0x0000000749800000, 0x0000000749800000| Untracked 
| 589|0x0000000749a00000, 0x0000000749a00000, 0x0000000749c00000|  0%| F|  |TAMS 0x0000000749a00000, 0x0000000749a00000| Untracked 
| 590|0x0000000749c00000, 0x0000000749c00000, 0x0000000749e00000|  0%| F|  |TAMS 0x0000000749c00000, 0x0000000749c00000| Untracked 
| 591|0x0000000749e00000, 0x0000000749e00000, 0x000000074a000000|  0%| F|  |TAMS 0x0000000749e00000, 0x0000000749e00000| Untracked 
| 592|0x000000074a000000, 0x000000074a000000, 0x000000074a200000|  0%| F|  |TAMS 0x000000074a000000, 0x000000074a000000| Untracked 
| 593|0x000000074a200000, 0x000000074a200000, 0x000000074a400000|  0%| F|  |TAMS 0x000000074a200000, 0x000000074a200000| Untracked 
| 594|0x000000074a400000, 0x000000074a400000, 0x000000074a600000|  0%| F|  |TAMS 0x000000074a400000, 0x000000074a400000| Untracked 
| 595|0x000000074a600000, 0x000000074a600000, 0x000000074a800000|  0%| F|  |TAMS 0x000000074a600000, 0x000000074a600000| Untracked 
| 596|0x000000074a800000, 0x000000074a800000, 0x000000074aa00000|  0%| F|  |TAMS 0x000000074a800000, 0x000000074a800000| Untracked 
| 597|0x000000074aa00000, 0x000000074aa00000, 0x000000074ac00000|  0%| F|  |TAMS 0x000000074aa00000, 0x000000074aa00000| Untracked 
| 598|0x000000074ac00000, 0x000000074ac00000, 0x000000074ae00000|  0%| F|  |TAMS 0x000000074ac00000, 0x000000074ac00000| Untracked 
| 599|0x000000074ae00000, 0x000000074ae00000, 0x000000074b000000|  0%| F|  |TAMS 0x000000074ae00000, 0x000000074ae00000| Untracked 
| 600|0x000000074b000000, 0x000000074b000000, 0x000000074b200000|  0%| F|  |TAMS 0x000000074b000000, 0x000000074b000000| Untracked 
| 601|0x000000074b200000, 0x000000074b200000, 0x000000074b400000|  0%| F|  |TAMS 0x000000074b200000, 0x000000074b200000| Untracked 
| 602|0x000000074b400000, 0x000000074b400000, 0x000000074b600000|  0%| F|  |TAMS 0x000000074b400000, 0x000000074b400000| Untracked 
| 603|0x000000074b600000, 0x000000074b600000, 0x000000074b800000|  0%| F|  |TAMS 0x000000074b600000, 0x000000074b600000| Untracked 
| 604|0x000000074b800000, 0x000000074b800000, 0x000000074ba00000|  0%| F|  |TAMS 0x000000074b800000, 0x000000074b800000| Untracked 
| 605|0x000000074ba00000, 0x000000074ba00000, 0x000000074bc00000|  0%| F|  |TAMS 0x000000074ba00000, 0x000000074ba00000| Untracked 
| 606|0x000000074bc00000, 0x000000074bc00000, 0x000000074be00000|  0%| F|  |TAMS 0x000000074bc00000, 0x000000074bc00000| Untracked 
| 607|0x000000074be00000, 0x000000074be00000, 0x000000074c000000|  0%| F|  |TAMS 0x000000074be00000, 0x000000074be00000| Untracked 
| 608|0x000000074c000000, 0x000000074c000000, 0x000000074c200000|  0%| F|  |TAMS 0x000000074c000000, 0x000000074c000000| Untracked 
| 609|0x000000074c200000, 0x000000074c200000, 0x000000074c400000|  0%| F|  |TAMS 0x000000074c200000, 0x000000074c200000| Untracked 

Card table byte_map: [0x00000255aa1d0000,0x00000255aa9d0000] _byte_map_base: 0x00000255a69d0000

Marking Bits (Prev, Next): (CMBitMap*) 0x000002559756fe20, (CMBitMap*) 0x000002559756fde0
 Prev Bits: [0x00000255af1d0000, 0x00000255b31d0000)
 Next Bits: [0x00000255ab1d0000, 0x00000255af1d0000)

Polling page: 0x0000025595420000

Metaspace:

Usage:
  Non-class:    121.68 MB used.
      Class:     18.58 MB used.
       Both:    140.26 MB used.

Virtual space:
  Non-class space:      128.00 MB reserved,     122.44 MB ( 96%) committed,  16 nodes.
      Class space:        1.00 GB reserved,      19.19 MB (  2%) committed,  1 nodes.
             Both:        1.12 GB reserved,     141.62 MB ( 12%) committed. 

Chunk freelists:
   Non-Class:  1.28 MB
       Class:  656.00 KB
        Both:  1.92 MB

MaxMetaspaceSize: unlimited
CompressedClassSpaceSize: 1.00 GB
Initial GC threshold: 21.00 MB
Current GC threshold: 235.75 MB
CDS: off
MetaspaceReclaimPolicy: balanced
 - commit_granule_bytes: 65536.
 - commit_granule_words: 8192.
 - virtual_space_node_default_size: 1048576.
 - enlarge_chunks_in_place: 1.
 - new_chunks_are_fully_committed: 0.
 - uncommit_free_chunks: 1.
 - use_allocation_guard: 0.
 - handle_deallocations: 1.


Internal statistics:

num_allocs_failed_limit: 9.
num_arena_births: 2220.
num_arena_deaths: 98.
num_vsnodes_births: 17.
num_vsnodes_deaths: 0.
num_space_committed: 2266.
num_space_uncommitted: 0.
num_chunks_returned_to_freelist: 121.
num_chunks_taken_from_freelist: 8275.
num_chunk_merges: 36.
num_chunk_splits: 5116.
num_chunks_enlarged: 3063.
num_purges: 4.
num_inconsistent_stats: 0.

CodeHeap 'non-profiled nmethods': size=120000Kb used=21763Kb max_used=21763Kb free=98237Kb
 bounds [0x00000255a24a0000, 0x00000255a39f0000, 0x00000255a99d0000]
CodeHeap 'profiled nmethods': size=120000Kb used=47104Kb max_used=47104Kb free=72895Kb
 bounds [0x000002559a9d0000, 0x000002559d890000, 0x00000255a1f00000]
CodeHeap 'non-nmethods': size=5760Kb used=2492Kb max_used=2653Kb free=3268Kb
 bounds [0x00000255a1f00000, 0x00000255a21a0000, 0x00000255a24a0000]
 total_blobs=25278 nmethods=24238 adapters=949
 compilation: enabled
              stopped_count=0, restarted_count=0
 full_count=0

Compilation events (20 events):
Event: 9624.401 Thread 0x00000255b6046e70 32401       2       com.android.tools.r8.synthesis.C::b (14 bytes)
Event: 9624.401 Thread 0x00000255b6046e70 nmethod 32401 0x000002559ce38c10 code [0x000002559ce38dc0, 0x000002559ce38f78]
Event: 9624.403 Thread 0x00000255b6046e70 32404   !   2       java.lang.NullPointerException::getMessage (48 bytes)
Event: 9624.404 Thread 0x00000255b6046e70 nmethod 32404 0x000002559ce38690 code [0x000002559ce38840, 0x000002559ce38b08]
Event: 9624.442 Thread 0x00000255b6046e70 32407       3       com.android.tools.r8.internal.X9::a (871 bytes)
Event: 9624.449 Thread 0x00000255b6046e70 nmethod 32407 0x000002559d409b90 code [0x000002559d40a340, 0x000002559d40fe28]
Event: 9624.464 Thread 0x00000255b6046e70 32412       3       com.android.tools.r8.internal.Pk::a (201 bytes)
Event: 9624.467 Thread 0x00000255b6046e70 nmethod 32412 0x000002559d405d10 code [0x000002559d406220, 0x000002559d408c98]
Event: 9624.468 Thread 0x00000255b6046e70 32413       1       com.android.tools.r8.code.f::v (4 bytes)
Event: 9624.468 Thread 0x00000255b6046e70 nmethod 32413 0x00000255a39e0910 code [0x00000255a39e0aa0, 0x00000255a39e0b78]
Event: 9624.488 Thread 0x00000255b6046e70 32414 %     3       com.android.tools.r8.internal.RC::a @ 5 (131 bytes)
Event: 9624.490 Thread 0x00000255b6046e70 nmethod 32414% 0x000002559d403b10 code [0x000002559d403e00, 0x000002559d405528]
Event: 9624.490 Thread 0x00000255b6046e70 32415       3       com.android.tools.r8.internal.RC::a (131 bytes)
Event: 9624.492 Thread 0x00000255b6046e70 nmethod 32415 0x000002559d401990 code [0x000002559d401c80, 0x000002559d4032c8]
Event: 9624.513 Thread 0x00000255b6046e70 32418       2       com.android.tools.r8.code.N2::a (1 bytes)
Event: 9624.513 Thread 0x00000255b6046e70 nmethod 32418 0x000002559ce38390 code [0x000002559ce38520, 0x000002559ce38618]
Event: 9624.514 Thread 0x00000255b6046e70 32419       2       com.android.tools.r8.code.N0::a (1 bytes)
Event: 9624.514 Thread 0x00000255b6046e70 nmethod 32419 0x000002559ce38090 code [0x000002559ce38220, 0x000002559ce38318]
Event: 9624.522 Thread 0x00000255b6046e70 32429       2       com.android.tools.r8.code.t2::a (1 bytes)
Event: 9624.523 Thread 0x00000255b6046e70 nmethod 32429 0x000002559ce37d90 code [0x000002559ce37f20, 0x000002559ce38018]

GC Heap History (20 events):
Event: 9610.122 GC heap after
{Heap after GC invocations=78 (full 0):
 garbage-first heap   total 1105920K, used 244566K [0x0000000700000000, 0x0000000800000000)
  region size 2048K, 5 young (10240K), 5 survivors (10240K)
 Metaspace       used 141252K, committed 142656K, reserved 1179648K
  class space    used 18709K, committed 19328K, reserved 1048576K
}
Event: 9615.481 GC heap before
{Heap before GC invocations=78 (full 0):
 garbage-first heap   total 1105920K, used 467798K [0x0000000700000000, 0x0000000800000000)
  region size 2048K, 108 young (221184K), 5 survivors (10240K)
 Metaspace       used 141350K, committed 142720K, reserved 1179648K
  class space    used 18718K, committed 19328K, reserved 1048576K
}
Event: 9615.507 GC heap after
{Heap after GC invocations=79 (full 0):
 garbage-first heap   total 1105920K, used 253876K [0x0000000700000000, 0x0000000800000000)
  region size 2048K, 9 young (18432K), 9 survivors (18432K)
 Metaspace       used 141350K, committed 142720K, reserved 1179648K
  class space    used 18718K, committed 19328K, reserved 1048576K
}
Event: 9615.986 GC heap before
{Heap before GC invocations=79 (full 0):
 garbage-first heap   total 1105920K, used 366516K [0x0000000700000000, 0x0000000800000000)
  region size 2048K, 65 young (133120K), 9 survivors (18432K)
 Metaspace       used 141386K, committed 142784K, reserved 1179648K
  class space    used 18721K, committed 19328K, reserved 1048576K
}
Event: 9616.023 GC heap after
{Heap after GC invocations=80 (full 0):
 garbage-first heap   total 1105920K, used 260214K [0x0000000700000000, 0x0000000800000000)
  region size 2048K, 7 young (14336K), 7 survivors (14336K)
 Metaspace       used 141386K, committed 142784K, reserved 1179648K
  class space    used 18721K, committed 19328K, reserved 1048576K
}
Event: 9617.988 GC heap before
{Heap before GC invocations=80 (full 0):
 garbage-first heap   total 1105920K, used 469110K [0x0000000700000000, 0x0000000800000000)
  region size 2048K, 110 young (225280K), 7 survivors (14336K)
 Metaspace       used 142974K, committed 144384K, reserved 1179648K
  class space    used 18988K, committed 19648K, reserved 1048576K
}
Event: 9618.012 GC heap after
{Heap after GC invocations=81 (full 0):
 garbage-first heap   total 1105920K, used 263442K [0x0000000700000000, 0x0000000800000000)
  region size 2048K, 9 young (18432K), 9 survivors (18432K)
 Metaspace       used 142974K, committed 144384K, reserved 1179648K
  class space    used 18988K, committed 19648K, reserved 1048576K
}
Event: 9618.658 GC heap before
{Heap before GC invocations=81 (full 0):
 garbage-first heap   total 1105920K, used 593170K [0x0000000700000000, 0x0000000800000000)
  region size 2048K, 171 young (350208K), 9 survivors (18432K)
 Metaspace       used 143052K, committed 144448K, reserved 1179648K
  class space    used 18999K, committed 19648K, reserved 1048576K
}
Event: 9618.692 GC heap after
{Heap after GC invocations=82 (full 0):
 garbage-first heap   total 1105920K, used 282725K [0x0000000700000000, 0x0000000800000000)
  region size 2048K, 18 young (36864K), 18 survivors (36864K)
 Metaspace       used 143052K, committed 144448K, reserved 1179648K
  class space    used 18999K, committed 19648K, reserved 1048576K
}
Event: 9619.014 GC heap before
{Heap before GC invocations=82 (full 0):
 garbage-first heap   total 1105920K, used 456805K [0x0000000700000000, 0x0000000800000000)
  region size 2048K, 104 young (212992K), 18 survivors (36864K)
 Metaspace       used 143073K, committed 144512K, reserved 1179648K
  class space    used 18999K, committed 19648K, reserved 1048576K
}
Event: 9619.200 GC heap after
{Heap after GC invocations=83 (full 0):
 garbage-first heap   total 1105920K, used 289354K [0x0000000700000000, 0x0000000800000000)
  region size 2048K, 9 young (18432K), 9 survivors (18432K)
 Metaspace       used 143073K, committed 144512K, reserved 1179648K
  class space    used 18999K, committed 19648K, reserved 1048576K
}
Event: 9620.034 GC heap before
{Heap before GC invocations=83 (full 0):
 garbage-first heap   total 1105920K, used 666186K [0x0000000700000000, 0x0000000800000000)
  region size 2048K, 194 young (397312K), 9 survivors (18432K)
 Metaspace       used 143141K, committed 144576K, reserved 1179648K
  class space    used 18999K, committed 19648K, reserved 1048576K
}
Event: 9620.064 GC heap after
{Heap after GC invocations=84 (full 0):
 garbage-first heap   total 1105920K, used 299515K [0x0000000700000000, 0x0000000800000000)
  region size 2048K, 14 young (28672K), 14 survivors (28672K)
 Metaspace       used 143141K, committed 144576K, reserved 1179648K
  class space    used 18999K, committed 19648K, reserved 1048576K
}
Event: 9620.793 GC heap before
{Heap before GC invocations=84 (full 0):
 garbage-first heap   total 1105920K, used 737787K [0x0000000700000000, 0x0000000800000000)
  region size 2048K, 229 young (468992K), 14 survivors (28672K)
 Metaspace       used 143171K, committed 144576K, reserved 1179648K
  class space    used 19002K, committed 19648K, reserved 1048576K
}
Event: 9620.830 GC heap after
{Heap after GC invocations=85 (full 0):
 garbage-first heap   total 1105920K, used 306762K [0x0000000700000000, 0x0000000800000000)
  region size 2048K, 17 young (34816K), 17 survivors (34816K)
 Metaspace       used 143171K, committed 144576K, reserved 1179648K
  class space    used 19002K, committed 19648K, reserved 1048576K
}
Event: 9622.387 GC heap before
{Heap before GC invocations=86 (full 0):
 garbage-first heap   total 1105920K, used 861770K [0x0000000700000000, 0x0000000800000000)
  region size 2048K, 297 young (608256K), 17 survivors (34816K)
 Metaspace       used 143442K, committed 144832K, reserved 1179648K
  class space    used 19011K, committed 19648K, reserved 1048576K
}
Event: 9622.420 GC heap after
{Heap after GC invocations=87 (full 0):
 garbage-first heap   total 1105920K, used 288330K [0x0000000700000000, 0x0000000800000000)
  region size 2048K, 17 young (34816K), 17 survivors (34816K)
 Metaspace       used 143442K, committed 144832K, reserved 1179648K
  class space    used 19011K, committed 19648K, reserved 1048576K
}
Event: 9622.433 GC heap before
{Heap before GC invocations=87 (full 0):
 garbage-first heap   total 1105920K, used 308810K [0x0000000700000000, 0x0000000800000000)
  region size 2048K, 27 young (55296K), 17 survivors (34816K)
 Metaspace       used 143442K, committed 144832K, reserved 1179648K
  class space    used 19011K, committed 19648K, reserved 1048576K
}
Event: 9622.598 GC heap after
{Heap after GC invocations=88 (full 0):
 garbage-first heap   total 1105920K, used 271236K [0x0000000700000000, 0x0000000800000000)
  region size 2048K, 2 young (4096K), 2 survivors (4096K)
 Metaspace       used 143442K, committed 144832K, reserved 1179648K
  class space    used 19011K, committed 19648K, reserved 1048576K
}
Event: 9624.560 GC heap before
{Heap before GC invocations=88 (full 0):
 garbage-first heap   total 1105920K, used 928644K [0x0000000700000000, 0x0000000800000000)
  region size 2048K, 324 young (663552K), 2 survivors (4096K)
 Metaspace       used 143625K, committed 145024K, reserved 1179648K
  class space    used 19023K, committed 19648K, reserved 1048576K
}

Dll operation events (2 events):
Event: 0.010 Loaded shared library C:\Program Files\Android\Android Studio\jbr\bin\java.dll
Event: 0.822 Loaded shared library C:\Program Files\Android\Android Studio\jbr\bin\verify.dll

Deoptimization events (20 events):
Event: 9623.996 Thread 0x00000255b7a70720 DEOPT PACKING pc=0x000002559d41bd34 sp=0x000000c53f0fa160
Event: 9623.996 Thread 0x00000255b7a70720 DEOPT UNPACKING pc=0x00000255a1f57143 sp=0x000000c53f0f9650 mode 0
Event: 9624.016 Thread 0x00000255b7a74a80 DEOPT PACKING pc=0x000002559d41bd34 sp=0x000000c5401fa3a0
Event: 9624.016 Thread 0x00000255b7a74a80 DEOPT UNPACKING pc=0x00000255a1f57143 sp=0x000000c5401f9890 mode 0
Event: 9624.058 Thread 0x00000255b7a775d0 DEOPT PACKING pc=0x000002559d153214 sp=0x000000c53f8fa4c0
Event: 9624.058 Thread 0x00000255b7a775d0 DEOPT UNPACKING pc=0x00000255a1f57143 sp=0x000000c53f8f9978 mode 0
Event: 9624.213 Thread 0x00000255ba72ad80 DEOPT PACKING pc=0x000002559cb9cf8b sp=0x000000c53e2fe680
Event: 9624.213 Thread 0x00000255ba72ad80 DEOPT UNPACKING pc=0x00000255a1f57143 sp=0x000000c53e2fdb38 mode 0
Event: 9624.223 Thread 0x00000255b7a70720 DEOPT PACKING pc=0x000002559ce60940 sp=0x000000c53f0fa620
Event: 9624.223 Thread 0x00000255b7a70720 DEOPT UNPACKING pc=0x00000255a1f57143 sp=0x000000c53f0f9b50 mode 0
Event: 9624.305 Thread 0x00000255b7a74a80 DEOPT PACKING pc=0x000002559d1530d6 sp=0x000000c5401fa4a0
Event: 9624.305 Thread 0x00000255b7a74a80 DEOPT UNPACKING pc=0x00000255a1f57143 sp=0x000000c5401f9958 mode 0
Event: 9624.402 Thread 0x00000255b7a775d0 DEOPT PACKING pc=0x000002559d153214 sp=0x000000c53f8fa4c0
Event: 9624.402 Thread 0x00000255b7a775d0 DEOPT UNPACKING pc=0x00000255a1f57143 sp=0x000000c53f8f9978 mode 0
Event: 9624.422 Thread 0x00000255b7a728d0 DEOPT PACKING pc=0x000002559d493b70 sp=0x000000c53fdfa5e0
Event: 9624.422 Thread 0x00000255b7a728d0 DEOPT UNPACKING pc=0x00000255a1f57143 sp=0x000000c53fdf9f08 mode 0
Event: 9624.442 Thread 0x00000255b7a728d0 DEOPT PACKING pc=0x000002559d420df5 sp=0x000000c53fdfab30
Event: 9624.442 Thread 0x00000255b7a728d0 DEOPT UNPACKING pc=0x00000255a1f57143 sp=0x000000c53fdfa088 mode 0
Event: 9624.492 Thread 0x00000255b7a775d0 DEOPT PACKING pc=0x000002559ccd2813 sp=0x000000c53f8fa9f0
Event: 9624.492 Thread 0x00000255b7a775d0 DEOPT UNPACKING pc=0x00000255a1f57143 sp=0x000000c53f8f9f20 mode 0

Classes unloaded (20 events):
Event: 9504.967 Thread 0x00000255b56de410 Unloading class 0x0000000800535400 'java/lang/invoke/LambdaForm$MH+0x0000000800535400'
Event: 9504.968 Thread 0x00000255b56de410 Unloading class 0x00000008004b4c00 'java/lang/invoke/LambdaForm$MH+0x00000008004b4c00'
Event: 9504.968 Thread 0x00000255b56de410 Unloading class 0x0000000800232800 'java/lang/invoke/LambdaForm$MH+0x0000000800232800'
Event: 9504.968 Thread 0x00000255b56de410 Unloading class 0x0000000800232400 'java/lang/invoke/LambdaForm$MH+0x0000000800232400'
Event: 9504.968 Thread 0x00000255b56de410 Unloading class 0x0000000800232000 'java/lang/invoke/LambdaForm$MH+0x0000000800232000'
Event: 9504.968 Thread 0x00000255b56de410 Unloading class 0x0000000800231c00 'java/lang/invoke/LambdaForm$MH+0x0000000800231c00'
Event: 9504.968 Thread 0x00000255b56de410 Unloading class 0x0000000800231800 'java/lang/invoke/LambdaForm$MH+0x0000000800231800'
Event: 9504.968 Thread 0x00000255b56de410 Unloading class 0x0000000800231400 'java/lang/invoke/LambdaForm$MH+0x0000000800231400'
Event: 9504.968 Thread 0x00000255b56de410 Unloading class 0x0000000800231000 'java/lang/invoke/LambdaForm$MH+0x0000000800231000'
Event: 9504.968 Thread 0x00000255b56de410 Unloading class 0x0000000800230c00 'java/lang/invoke/LambdaForm$BMH+0x0000000800230c00'
Event: 9504.968 Thread 0x00000255b56de410 Unloading class 0x00000008001ba400 'java/lang/invoke/LambdaForm$DMH+0x00000008001ba400'
Event: 9504.968 Thread 0x00000255b56de410 Unloading class 0x00000008001b9c00 'java/lang/invoke/LambdaForm$DMH+0x00000008001b9c00'
Event: 9504.968 Thread 0x00000255b56de410 Unloading class 0x00000008001b9800 'java/lang/invoke/LambdaForm$MH+0x00000008001b9800'
Event: 9504.968 Thread 0x00000255b56de410 Unloading class 0x00000008001b9400 'java/lang/invoke/LambdaForm$MH+0x00000008001b9400'
Event: 9504.968 Thread 0x00000255b56de410 Unloading class 0x00000008001b9000 'java/lang/invoke/LambdaForm$MH+0x00000008001b9000'
Event: 9504.968 Thread 0x00000255b56de410 Unloading class 0x00000008001b8c00 'java/lang/invoke/LambdaForm$MH+0x00000008001b8c00'
Event: 9504.968 Thread 0x00000255b56de410 Unloading class 0x00000008001b8800 'java/lang/invoke/LambdaForm$MH+0x00000008001b8800'
Event: 9504.968 Thread 0x00000255b56de410 Unloading class 0x00000008000a6c00 'java/lang/invoke/LambdaForm$MH+0x00000008000a6c00'
Event: 9504.968 Thread 0x00000255b56de410 Unloading class 0x00000008000a6800 'java/lang/invoke/LambdaForm$MH+0x00000008000a6800'
Event: 9504.968 Thread 0x00000255b56de410 Unloading class 0x00000008000a4400 'java/lang/invoke/LambdaForm$MH+0x00000008000a4400'

Classes redefined (0 events):
No events

Internal exceptions (20 events):
Event: 9624.410 Thread 0x00000255b7a70720 Exception <a 'java/lang/NullPointerException'{0x000000071ed8def0}> (0x000000071ed8def0) 
thrown [s\src\hotspot\share\runtime\sharedRuntime.cpp, line 628]
Event: 9624.410 Thread 0x00000255b7a70720 Implicit null exception at 0x000002559cf4e83d to 0x000002559cf4ed82
Event: 9624.410 Thread 0x00000255b7a70720 Exception <a 'java/lang/NullPointerException'{0x000000071ed9cd08}> (0x000000071ed9cd08) 
thrown [s\src\hotspot\share\runtime\sharedRuntime.cpp, line 628]
Event: 9624.410 Thread 0x00000255b7a70720 Implicit null exception at 0x000002559cf4e83d to 0x000002559cf4ed82
Event: 9624.410 Thread 0x00000255b7a70720 Exception <a 'java/lang/NullPointerException'{0x000000071edaec18}> (0x000000071edaec18) 
thrown [s\src\hotspot\share\runtime\sharedRuntime.cpp, line 628]
Event: 9624.410 Thread 0x00000255b7a70720 Implicit null exception at 0x000002559cf4e83d to 0x000002559cf4ed82
Event: 9624.410 Thread 0x00000255b7a70720 Exception <a 'java/lang/NullPointerException'{0x000000071edc0c78}> (0x000000071edc0c78) 
thrown [s\src\hotspot\share\runtime\sharedRuntime.cpp, line 628]
Event: 9624.410 Thread 0x00000255b7a70720 Implicit null exception at 0x000002559cf4e83d to 0x000002559cf4ed82
Event: 9624.410 Thread 0x00000255b7a70720 Exception <a 'java/lang/NullPointerException'{0x000000071edcdc18}> (0x000000071edcdc18) 
thrown [s\src\hotspot\share\runtime\sharedRuntime.cpp, line 628]
Event: 9624.410 Thread 0x00000255b7a70720 Implicit null exception at 0x000002559cf4e83d to 0x000002559cf4ed82
Event: 9624.410 Thread 0x00000255b7a70720 Exception <a 'java/lang/NullPointerException'{0x000000071eddf018}> (0x000000071eddf018) 
thrown [s\src\hotspot\share\runtime\sharedRuntime.cpp, line 628]
Event: 9624.410 Thread 0x00000255b7a70720 Implicit null exception at 0x000002559cf4e83d to 0x000002559cf4ed82
Event: 9624.410 Thread 0x00000255b7a70720 Exception <a 'java/lang/NullPointerException'{0x000000071edf0e00}> (0x000000071edf0e00) 
thrown [s\src\hotspot\share\runtime\sharedRuntime.cpp, line 628]
Event: 9624.410 Thread 0x00000255b7a70720 Implicit null exception at 0x000002559cf4e83d to 0x000002559cf4ed82
Event: 9624.411 Thread 0x00000255b7a70720 Exception <a 'java/lang/NullPointerException'{0x000000071ea02630}> (0x000000071ea02630) 
thrown [s\src\hotspot\share\runtime\sharedRuntime.cpp, line 628]
Event: 9624.411 Thread 0x00000255b7a70720 Implicit null exception at 0x000002559cf4e83d to 0x000002559cf4ed82
Event: 9624.411 Thread 0x00000255b7a70720 Exception <a 'java/lang/NullPointerException'{0x000000071ea14e90}> (0x000000071ea14e90) 
thrown [s\src\hotspot\share\runtime\sharedRuntime.cpp, line 628]
Event: 9624.411 Thread 0x00000255b7a70720 Implicit null exception at 0x000002559cf4e83d to 0x000002559cf4ed82
Event: 9624.411 Thread 0x00000255b7a70720 Exception <a 'java/lang/NullPointerException'{0x000000071ea24c50}> (0x000000071ea24c50) 
thrown [s\src\hotspot\share\runtime\sharedRuntime.cpp, line 628]
Event: 9624.472 Thread 0x00000255b7a70720 Exception <a 'sun/nio/fs/WindowsException'{0x000000071ccffce8}> (0x000000071ccffce8) 
thrown [s\src\hotspot\share\prims\jni.cpp, line 517]

VM Operations (20 events):
Event: 9618.695 Executing VM operation: G1CollectForAllocation done
Event: 9619.013 Executing VM operation: G1CollectForAllocation
Event: 9619.205 Executing VM operation: G1CollectForAllocation done
Event: 9619.723 Executing VM operation: HandshakeAllThreads
Event: 9619.732 Executing VM operation: HandshakeAllThreads done
Event: 9620.034 Executing VM operation: G1CollectForAllocation
Event: 9620.064 Executing VM operation: G1CollectForAllocation done
Event: 9620.792 Executing VM operation: G1CollectForAllocation
Event: 9620.832 Executing VM operation: G1CollectForAllocation done
Event: 9621.366 Executing VM operation: HandshakeAllThreads
Event: 9621.381 Executing VM operation: HandshakeAllThreads done
Event: 9621.531 Executing VM operation: G1Concurrent
Event: 9621.561 Executing VM operation: G1Concurrent done
Event: 9621.822 Executing VM operation: G1Concurrent
Event: 9621.824 Executing VM operation: G1Concurrent done
Event: 9622.387 Executing VM operation: G1CollectForAllocation
Event: 9622.423 Executing VM operation: G1CollectForAllocation done
Event: 9622.433 Executing VM operation: G1CollectForAllocation
Event: 9622.598 Executing VM operation: G1CollectForAllocation done
Event: 9624.559 Executing VM operation: G1CollectForAllocation

Events (20 events):
Event: 9619.782 Thread 0x00000255b60488a0 flushing nmethod 0x000002559d3c6890
Event: 9619.782 Thread 0x00000255b60488a0 flushing nmethod 0x000002559d3c9990
Event: 9619.782 Thread 0x00000255b60488a0 flushing nmethod 0x000002559d3cf090
Event: 9619.782 Thread 0x00000255b60488a0 flushing nmethod 0x000002559d437690
Event: 9619.782 Thread 0x00000255b60488a0 flushing nmethod 0x000002559d4f3a10
Event: 9619.782 Thread 0x00000255b60488a0 flushing nmethod 0x000002559d4f5d10
Event: 9619.783 Thread 0x00000255b60488a0 flushing nmethod 0x000002559d51cc90
Event: 9619.783 Thread 0x00000255b60488a0 flushing nmethod 0x000002559d51dd90
Event: 9619.783 Thread 0x00000255b60488a0 flushing nmethod 0x000002559d520890
Event: 9619.783 Thread 0x00000255b60488a0 flushing nmethod 0x000002559d527a90
Event: 9619.783 Thread 0x00000255b60488a0 flushing nmethod 0x000002559d52ab10
Event: 9619.783 Thread 0x00000255b60488a0 flushing nmethod 0x000002559d544010
Event: 9619.783 Thread 0x00000255b60488a0 flushing nmethod 0x000002559d582890
Event: 9619.783 Thread 0x00000255b60488a0 flushing nmethod 0x000002559d5e6890
Event: 9619.783 Thread 0x00000255b60488a0 flushing nmethod 0x000002559d5f4190
Event: 9619.784 Thread 0x00000255b60488a0 flushing nmethod 0x000002559d698d90
Event: 9619.784 Thread 0x00000255b60488a0 flushing nmethod 0x000002559d69af10
Event: 9621.580 loading class sun/rmi/transport/DGCClient$EndpointEntry$CleanRequest
Event: 9621.582 loading class sun/rmi/transport/DGCClient$EndpointEntry$CleanRequest done
Event: 9621.673 Thread 0x00000255c59d92f0 Thread exited: 0x00000255c59d92f0


Dynamic libraries:
0x00007ff7433d0000 - 0x00007ff7433da000 	C:\Program Files\Android\Android Studio\jbr\bin\java.exe
0x00007ff868370000 - 0x00007ff868568000 	C:\Windows\SYSTEM32\ntdll.dll
0x00007ff866400000 - 0x00007ff8664c1000 	C:\Windows\System32\KERNEL32.DLL
0x00007ff865c80000 - 0x00007ff865f76000 	C:\Windows\System32\KERNELBASE.dll
0x00007ff865ae0000 - 0x00007ff865be0000 	C:\Windows\System32\ucrtbase.dll
0x00007ff8611b0000 - 0x00007ff8611cb000 	C:\Program Files\Android\Android Studio\jbr\bin\VCRUNTIME140.dll
0x00007ff861190000 - 0x00007ff8611a7000 	C:\Program Files\Android\Android Studio\jbr\bin\jli.dll
0x00007ff866610000 - 0x00007ff8667af000 	C:\Windows\System32\USER32.dll
0x00007ff865ab0000 - 0x00007ff865ad2000 	C:\Windows\System32\win32u.dll
0x00007ff8680f0000 - 0x00007ff86811b000 	C:\Windows\System32\GDI32.dll
0x00007ff866070000 - 0x00007ff866187000 	C:\Windows\System32\gdi32full.dll
0x00007ff852a00000 - 0x00007ff852c9a000 	C:\Windows\WinSxS\amd64_microsoft.windows.common-controls_6595b64144ccf1df_6.0.19041.4355_none_60b8b9eb71f62e16\COMCTL32.dll
0x00007ff867ea0000 - 0x00007ff867f3e000 	C:\Windows\System32\msvcrt.dll
0x00007ff865fd0000 - 0x00007ff86606d000 	C:\Windows\System32\msvcp_win.dll
0x00007ff866940000 - 0x00007ff86696f000 	C:\Windows\System32\IMM32.DLL
0x00007ff861140000 - 0x00007ff86114c000 	C:\Program Files\Android\Android Studio\jbr\bin\vcruntime140_1.dll
0x00007ff841d30000 - 0x00007ff841dbd000 	C:\Program Files\Android\Android Studio\jbr\bin\msvcp140.dll
0x00007ff806db0000 - 0x00007ff807a1d000 	C:\Program Files\Android\Android Studio\jbr\bin\server\jvm.dll
0x00007ff8669e0000 - 0x00007ff866a90000 	C:\Windows\System32\ADVAPI32.dll
0x00007ff866df0000 - 0x00007ff866e90000 	C:\Windows\System32\sechost.dll
0x00007ff867f40000 - 0x00007ff868063000 	C:\Windows\System32\RPCRT4.dll
0x00007ff865be0000 - 0x00007ff865c07000 	C:\Windows\System32\bcrypt.dll
0x00007ff85dff0000 - 0x00007ff85dff9000 	C:\Windows\SYSTEM32\WSOCK32.dll
0x00007ff852940000 - 0x00007ff852967000 	C:\Windows\SYSTEM32\WINMM.dll
0x00007ff8668d0000 - 0x00007ff86693b000 	C:\Windows\System32\WS2_32.dll
0x00007ff85fb20000 - 0x00007ff85fb2a000 	C:\Windows\SYSTEM32\VERSION.dll
0x00007ff8638c0000 - 0x00007ff8638d2000 	C:\Windows\SYSTEM32\kernel.appcore.dll
0x00007ff852280000 - 0x00007ff85228a000 	C:\Program Files\Android\Android Studio\jbr\bin\jimage.dll
0x00007ff850240000 - 0x00007ff850424000 	C:\Windows\SYSTEM32\DBGHELP.DLL
0x00007ff850200000 - 0x00007ff850234000 	C:\Windows\SYSTEM32\dbgcore.DLL
0x00007ff865a20000 - 0x00007ff865aa2000 	C:\Windows\System32\bcryptPrimitives.dll
0x00007ff846cf0000 - 0x00007ff846d15000 	C:\Program Files\Android\Android Studio\jbr\bin\java.dll
0x00007ff851e70000 - 0x00007ff851e88000 	C:\Program Files\Android\Android Studio\jbr\bin\zip.dll
0x00007ff8676d0000 - 0x00007ff867e3c000 	C:\Windows\System32\SHELL32.dll
0x00007ff863ac0000 - 0x00007ff86425e000 	C:\Windows\SYSTEM32\windows.storage.dll
0x00007ff866a90000 - 0x00007ff866de3000 	C:\Windows\System32\combase.dll
0x00007ff8653d0000 - 0x00007ff8653fe000 	C:\Windows\SYSTEM32\Wldp.dll
0x00007ff867540000 - 0x00007ff86760d000 	C:\Windows\System32\OLEAUT32.dll
0x00007ff868200000 - 0x00007ff8682ad000 	C:\Windows\System32\SHCORE.dll
0x00007ff866980000 - 0x00007ff8669d5000 	C:\Windows\System32\shlwapi.dll
0x00007ff865950000 - 0x00007ff865974000 	C:\Windows\SYSTEM32\profapi.dll
0x00007ff851990000 - 0x00007ff8519a9000 	C:\Program Files\Android\Android Studio\jbr\bin\net.dll
0x00007ff860740000 - 0x00007ff86084a000 	C:\Windows\SYSTEM32\WINHTTP.dll
0x00007ff8650d0000 - 0x00007ff86513a000 	C:\Windows\system32\mswsock.dll
0x00007ff850cf0000 - 0x00007ff850d06000 	C:\Program Files\Android\Android Studio\jbr\bin\nio.dll
0x00007ff806aa0000 - 0x00007ff806ab0000 	C:\Program Files\Android\Android Studio\jbr\bin\verify.dll
0x00007ff85df50000 - 0x00007ff85df77000 	C:\Users\SPIRO24\.gradle\native\e1d6ef7f7dcc3fd88c89a11ec53ec762bb8ba0a96d01ffa2cd45eb1d1d8dd5c5\windows-amd64\native-platform.dll
0x00007ff83cc10000 - 0x00007ff83cd54000 	C:\Users\SPIRO24\.gradle\native\0d407fdbe67a94daf76414ababcb853783967236a71b16ec16e742cd7a986fd3\windows-amd64\native-platform-file-events.dll
0x00007ff850d70000 - 0x00007ff850d79000 	C:\Program Files\Android\Android Studio\jbr\bin\management.dll
0x00007ff816ca0000 - 0x00007ff816cab000 	C:\Program Files\Android\Android Studio\jbr\bin\management_ext.dll
0x00007ff8664d0000 - 0x00007ff8664d8000 	C:\Windows\System32\PSAPI.DLL
0x00007ff8652d0000 - 0x00007ff8652e8000 	C:\Windows\SYSTEM32\CRYPTSP.dll
0x00007ff8649f0000 - 0x00007ff864a24000 	C:\Windows\system32\rsaenh.dll
0x00007ff865900000 - 0x00007ff86592e000 	C:\Windows\SYSTEM32\USERENV.dll
0x00007ff8652c0000 - 0x00007ff8652cc000 	C:\Windows\SYSTEM32\CRYPTBASE.dll
0x00007ff864db0000 - 0x00007ff864deb000 	C:\Windows\SYSTEM32\IPHLPAPI.DLL
0x00007ff866970000 - 0x00007ff866978000 	C:\Windows\System32\NSI.dll
0x00007ff860670000 - 0x00007ff860687000 	C:\Windows\SYSTEM32\dhcpcsvc6.DLL
0x00007ff860650000 - 0x00007ff86066d000 	C:\Windows\SYSTEM32\dhcpcsvc.DLL
0x00007ff864df0000 - 0x00007ff864eba000 	C:\Windows\SYSTEM32\DNSAPI.dll
0x00007ff850d90000 - 0x00007ff850d97000 	C:\Windows\system32\wshunix.dll
0x00007ff85df80000 - 0x00007ff85df9e000 	C:\Users\SPIRO24\AppData\Local\Temp\native-platform2094401077626543860dir\native-platform.dll
0x00007ff860880000 - 0x00007ff860887000 	C:\Program Files\Android\Android Studio\jbr\bin\rmi.dll

dbghelp: loaded successfully - version: 4.0.5 - missing functions: none
symbol engine: initialized successfully - sym options: 0x614 - pdb path: .;C:\Program Files\Android\Android Studio\jbr\bin;C:\Windows\SYSTEM32;C:\Windows\WinSxS\amd64_microsoft.windows.common-controls_6595b64144ccf1df_6.0.19041.4355_none_60b8b9eb71f62e16;C:\Program Files\Android\Android Studio\jbr\bin\server;C:\Users\SPIRO24\.gradle\native\e1d6ef7f7dcc3fd88c89a11ec53ec762bb8ba0a96d01ffa2cd45eb1d1d8dd5c5\windows-amd64;C:\Users\SPIRO24\.gradle\native\0d407fdbe67a94daf76414ababcb853783967236a71b16ec16e742cd7a986fd3\windows-amd64;C:\Users\SPIRO24\AppData\Local\Temp\native-platform2094401077626543860dir

VM Arguments:
jvm_args: --add-opens=java.base/java.util=ALL-UNNAMED --add-opens=java.base/java.lang=ALL-UNNAMED --add-opens=java.base/java.lang.invoke=ALL-UNNAMED --add-opens=java.base/java.util=ALL-UNNAMED --add-opens=java.prefs/java.util.prefs=ALL-UNNAMED --add-opens=java.prefs/java.util.prefs=ALL-UNNAMED --add-opens=java.base/java.nio.charset=ALL-UNNAMED --add-opens=java.base/java.net=ALL-UNNAMED --add-opens=java.base/java.util.concurrent.atomic=ALL-UNNAMED -Xmx4G -Dfile.encoding=windows-1252 -Duser.country=IN -Duser.language=en -Duser.variant 
java_command: org.gradle.launcher.daemon.bootstrap.GradleDaemon 7.5
java_class_path (initial): C:\Users\SPIRO24\.gradle\wrapper\dists\gradle-7.5-all\6qsw290k5lz422uaf8jf6m7co\gradle-7.5\lib\gradle-launcher-7.5.jar
Launcher Type: SUN_STANDARD

[Global flags]
     intx CICompilerCount                          = 3                                         {product} {ergonomic}
     uint ConcGCThreads                            = 1                                         {product} {ergonomic}
     uint G1ConcRefinementThreads                  = 4                                         {product} {ergonomic}
   size_t G1HeapRegionSize                         = 2097152                                   {product} {ergonomic}
    uintx GCDrainStackTargetSize                   = 64                                        {product} {ergonomic}
   size_t InitialHeapSize                          = 134217728                                 {product} {ergonomic}
   size_t MarkStackSize                            = 4194304                                   {product} {ergonomic}
   size_t MaxHeapSize                              = 4294967296                                {product} {command line}
   size_t MaxNewSize                               = 2575302656                                {product} {ergonomic}
   size_t MinHeapDeltaBytes                        = 2097152                                   {product} {ergonomic}
   size_t MinHeapSize                              = 8388608                                   {product} {ergonomic}
    uintx NonNMethodCodeHeapSize                   = 5832780                                {pd product} {ergonomic}
    uintx NonProfiledCodeHeapSize                  = 122912730                              {pd product} {ergonomic}
    uintx ProfiledCodeHeapSize                     = 122912730                              {pd product} {ergonomic}
    uintx ReservedCodeCacheSize                    = 251658240                              {pd product} {ergonomic}
     bool SegmentedCodeCache                       = true                                      {product} {ergonomic}
   size_t SoftMaxHeapSize                          = 4294967296                             {manageable} {ergonomic}
     bool UseCompressedClassPointers               = true                           {product lp64_product} {ergonomic}
     bool UseCompressedOops                        = true                           {product lp64_product} {ergonomic}
     bool UseG1GC                                  = true                                      {product} {ergonomic}
     bool UseLargePagesIndividualAllocation        = false                                  {pd product} {ergonomic}

Logging:
Log output configuration:
 #0: stdout all=warning uptime,level,tags
 #1: stderr all=off uptime,level,tags

Environment Variables:
JAVA_HOME=C:\Program Files\Android\Android Studio\jbr
CLASSPATH=D:\flutterproject\womenss\android\\gradle\wrapper\gradle-wrapper.jar
PATH=C:\Program Files\Android\Android Studio\jbr\bin;C:\Program Files (x86)\Common Files\Oracle\Java\javapath;C:\Program Files\Common Files\Oracle\Java\javapath;C:\Windows\system32;C:\Windows;C:\Windows\System32\Wbem;C:\Windows\System32\WindowsPowerShell\v1.0\;C:\Windows\System32\OpenSSH\;C:\Program Files\Java\jdk-11.0.16\bin;C:\Program Files\Java\jdk-18.0.1\bin;C:\Program Files\nodejs\;C:\Program Files\Git\cmd;D:\flutter\flutter\bin;C:\Users\SPIRO24\AppData\Local\Pub\Cache\bin;C:\Users\SPIRO24\AppData\Local\Microsoft\WindowsApps;C:\Program Files\JetBrains\IntelliJ IDEA 2021.3.3\bin;;C:\Program Files\JetBrains\IntelliJ IDEA Community Edition 2022.2.2\bin;;C:\Users\SPIRO24\AppData\Local\Programs\Microsoft VS Code\bin;C:\Users\SPIRO24\AppData\Roaming\npm;D:\flutter\flutter\bin\mingit\cmd
USERNAME=SPIRO24
OS=Windows_NT
PROCESSOR_IDENTIFIER=Intel64 Family 6 Model 94 Stepping 3, GenuineIntel
TMP=C:\Users\SPIRO24\AppData\Local\Temp
TEMP=C:\Users\SPIRO24\AppData\Local\Temp



---------------  S Y S T E M  ---------------

OS:
 Windows 10 , 64 bit Build 19041 (10.0.19041.4597)
OS uptime: 0 days 7:17 hours

CPU: total 4 (initial active 4) (2 cores per cpu, 2 threads per core) family 6 model 94 stepping 3 microcode 0xcc, cx8, cmov, fxsr, ht, mmx, 3dnowpref, sse, sse2, sse3, ssse3, sse4.1, sse4.2, popcnt, lzcnt, tsc, tscinvbit, avx, avx2, aes, erms, clmul, bmi1, bmi2, adx, fma, vzeroupper, clflush, clflushopt

Memory: 4k page, system-wide physical 8064M (312M free)
TotalPageFile size 14115M (AvailPageFile size 159M)
current process WorkingSet (physical memory assigned to process): 1144M, peak: 1209M
current process commit charge ("private bytes"): 1751M, peak: 2819M

vm_info: OpenJDK 64-Bit Server VM (17.0.6+0-b2043.56-9586694) for windows-amd64 JRE (17.0.6+0-b2043.56-9586694), built on Feb  9 2023 20:06:20 by "androidbuild" with MS VC++ 16.10 / 16.11 (VS2019)

END.
