#
# There is insufficient memory for the Java Runtime Environment to continue.
# Native memory allocation (mmap) failed to map 9502720 bytes for G1 virtual space
# Possible reasons:
#   The system is out of physical RAM or swap space
#   The process is running with CompressedOops enabled, and the Java Heap may be blocking the growth of the native heap
# Possible solutions:
#   Reduce memory load on the system
#   Increase physical memory or swap space
#   Check if swap backing store is full
#   Decrease Java heap size (-Xmx/-Xms)
#   Decrease number of Java threads
#   Decrease Java thread stack sizes (-Xss)
#   Set larger code cache with -XX:ReservedCodeCacheSize=
#   JVM is running with Zero Based Compressed Oops mode in which the Java heap is
#     placed in the first 32GB address space. The Java Heap base address is the
#     maximum limit for the native heap growth. Please use -XX:HeapBaseMinAddress
#     to set the Java Heap base and to place the Java Heap above 32GB virtual address.
# This output file may be truncated or incomplete.
#
#  Out of Memory Error (os_windows.cpp:3769), pid=4444, tid=6304
#
# JRE version: OpenJDK Runtime Environment (17.0.6) (build 17.0.6+0-b2043.56-9586694)
# Java VM: OpenJDK 64-Bit Server VM (17.0.6+0-b2043.56-9586694, mixed mode, tiered, compressed oops, compressed class ptrs, g1 gc, windows-amd64)
# No core dump will be written. Minidumps are not enabled by default on client versions of Windows
#

---------------  S U M M A R Y ------------

Command Line: --add-opens=java.base/java.util=ALL-UNNAMED --add-opens=java.base/java.lang=ALL-UNNAMED --add-opens=java.base/java.lang.invoke=ALL-UNNAMED --add-opens=java.base/java.util=ALL-UNNAMED --add-opens=java.prefs/java.util.prefs=ALL-UNNAMED --add-opens=java.prefs/java.util.prefs=ALL-UNNAMED --add-opens=java.base/java.nio.charset=ALL-UNNAMED --add-opens=java.base/java.net=ALL-UNNAMED --add-opens=java.base/java.util.concurrent.atomic=ALL-UNNAMED -Xmx4G -Dfile.encoding=windows-1252 -Duser.country=IN -Duser.language=en -Duser.variant org.gradle.launcher.daemon.bootstrap.GradleDaemon 7.5

Host: Intel(R) Core(TM) i3-6100T CPU @ 3.20GHz, 4 cores, 7G,  Windows 10 , 64 bit Build 19041 (10.0.19041.4597)
Time: Thu Jul 25 14:11:17 2024 India Standard Time elapsed time: 15679.644667 seconds (0d 4h 21m 19s)

---------------  T H R E A D  ---------------

Current thread (0x00000200b1ca2560):  VMThread "VM Thread" [stack: 0x000000d4bc500000,0x000000d4bc600000] [id=6304]

Stack: [0x000000d4bc500000,0x000000d4bc600000]
Native frames: (J=compiled Java code, j=interpreted, Vv=VM code, C=native code)
V  [jvm.dll+0x683b4a]
V  [jvm.dll+0x842654]
V  [jvm.dll+0x843dfe]
V  [jvm.dll+0x844463]
V  [jvm.dll+0x249b75]
V  [jvm.dll+0x680a19]
V  [jvm.dll+0x674f0a]
V  [jvm.dll+0x309acb]
V  [jvm.dll+0x310f86]
V  [jvm.dll+0x360903]
V  [jvm.dll+0x360b1f]
V  [jvm.dll+0x2dfbf8]
V  [jvm.dll+0x2ddec4]
V  [jvm.dll+0x2dd4cc]
V  [jvm.dll+0x322261]
V  [jvm.dll+0x84893b]
V  [jvm.dll+0x849674]
V  [jvm.dll+0x849b8d]
V  [jvm.dll+0x849f64]
V  [jvm.dll+0x84a030]
V  [jvm.dll+0x7f25fa]
V  [jvm.dll+0x682985]
C  [ucrtbase.dll+0x21bb2]
C  [KERNEL32.DLL+0x17374]
C  [ntdll.dll+0x4cc91]

VM_Operation (0x000000d4c2efdf60): G1TryInitiateConcMark, mode: safepoint, requested by thread 0x00000200bf22ecb0


---------------  P R O C E S S  ---------------

Threads class SMR info:
_java_thread_list=0x00000200bb1b99e0, length=103, elements={
0x0000020091b2bfe0, 0x00000200b28032e0, 0x00000200b2804700, 0x00000200b1ccd420,
0x00000200b2834c50, 0x00000200b2835510, 0x00000200b2835dd0, 0x00000200b28373f0,
0x00000200b28388a0, 0x00000200b2849c50, 0x00000200b29db1b0, 0x00000200b29ff3b0,
0x00000200b4e62490, 0x00000200b53347e0, 0x00000200b41717f0, 0x00000200b53f1ee0,
0x00000200b53f1540, 0x00000200b53f4a30, 0x00000200b53f1a10, 0x00000200b53f23b0,
0x00000200b53f2880, 0x00000200b4f173b0, 0x00000200b4f156d0, 0x00000200b4f14390,
0x00000200b4f19090, 0x00000200b4f17880, 0x00000200b4f14860, 0x00000200b4f13050,
0x00000200bb01b960, 0x00000200bb9ef540, 0x00000200bf51e9c0, 0x00000200b7ff2f00,
0x00000200bfbe4d90, 0x00000200bf22fff0, 0x00000200b5026f50, 0x00000200b7ff38a0,
0x00000200bb46c900, 0x00000200bb46bf60, 0x00000200bb46ba90, 0x00000200b4d237e0,
0x00000200b4d24650, 0x00000200b4d23cb0, 0x00000200b4d23310, 0x00000200b5026a80,
0x00000200b50265b0, 0x00000200b5029aa0, 0x00000200b7ff3d70, 0x00000200b4d24180,
0x00000200b7ff4240, 0x00000200b7ff5a50, 0x00000200b7ff4710, 0x00000200b7ff4be0,
0x00000200b4d21fd0, 0x00000200b4d21b00, 0x00000200b4d24b20, 0x00000200b4d24ff0,
0x00000200b4d22e40, 0x00000200bf22de40, 0x00000200bf22d970, 0x00000200bf22fb20,
0x00000200bf22c630, 0x00000200bf22cb00, 0x00000200bf22e310, 0x00000200b7ff5580,
0x00000200bf51e020, 0x00000200bf51ee90, 0x00000200bb469410, 0x00000200bb4698e0,
0x00000200bb469db0, 0x00000200bf51e4f0, 0x00000200bf51f360, 0x00000200bf51c810,
0x00000200bf51f830, 0x00000200bf51be70, 0x00000200bf51c340, 0x00000200bf51d1b0,
0x00000200bf51db50, 0x00000200bf51d680, 0x00000200bb47e970, 0x00000200b7f1cd40,
0x00000200b7f1bed0, 0x00000200b7f1dbb0, 0x00000200b7f1e080, 0x00000200b7f1b530,
0x00000200b7f1e550, 0x00000200b7f1ea20, 0x00000200b7f1b060, 0x00000200b502cac0,
0x00000200b7f1ba00, 0x00000200b7f1c3a0, 0x00000200b7f1c870, 0x00000200b7f1d210,
0x00000200b7f1d6e0, 0x00000200bb46ac20, 0x00000200bb46a280, 0x00000200bb46a750,
0x00000200b3690cb0, 0x00000200bf22e7e0, 0x00000200bb46b0f0, 0x00000200bb9f0880,
0x00000200bf22cfd0, 0x00000200bf22ecb0, 0x00000200bf22d4a0
}

Java Threads: ( => current thread )
  0x0000020091b2bfe0 JavaThread "main" [_thread_blocked, id=1240, stack(0x000000d4bbf00000,0x000000d4bc000000)]
  0x00000200b28032e0 JavaThread "Reference Handler" daemon [_thread_blocked, id=8308, stack(0x000000d4bc600000,0x000000d4bc700000)]
  0x00000200b2804700 JavaThread "Finalizer" daemon [_thread_blocked, id=9544, stack(0x000000d4bc700000,0x000000d4bc800000)]
  0x00000200b1ccd420 JavaThread "Signal Dispatcher" daemon [_thread_blocked, id=5964, stack(0x000000d4bc800000,0x000000d4bc900000)]
  0x00000200b2834c50 JavaThread "Attach Listener" daemon [_thread_blocked, id=6540, stack(0x000000d4bc900000,0x000000d4bca00000)]
  0x00000200b2835510 JavaThread "Service Thread" daemon [_thread_blocked, id=2568, stack(0x000000d4bca00000,0x000000d4bcb00000)]
  0x00000200b2835dd0 JavaThread "Monitor Deflation Thread" daemon [_thread_blocked, id=9148, stack(0x000000d4bcb00000,0x000000d4bcc00000)]
  0x00000200b28373f0 JavaThread "C2 CompilerThread0" daemon [_thread_blocked, id=7488, stack(0x000000d4bcc00000,0x000000d4bcd00000)]
  0x00000200b28388a0 JavaThread "C1 CompilerThread0" daemon [_thread_blocked, id=9784, stack(0x000000d4bcd00000,0x000000d4bce00000)]
  0x00000200b2849c50 JavaThread "Sweeper thread" daemon [_thread_blocked, id=7796, stack(0x000000d4bce00000,0x000000d4bcf00000)]
  0x00000200b29db1b0 JavaThread "Common-Cleaner" daemon [_thread_blocked, id=4672, stack(0x000000d4bcf00000,0x000000d4bd000000)]
  0x00000200b29ff3b0 JavaThread "Notification Thread" daemon [_thread_blocked, id=6828, stack(0x000000d4bd000000,0x000000d4bd100000)]
  0x00000200b4e62490 JavaThread "Daemon health stats" [_thread_blocked, id=10212, stack(0x000000d4bd600000,0x000000d4bd700000)]
  0x00000200b53347e0 JavaThread "Incoming local TCP Connector on port 51708" [_thread_in_native, id=1836, stack(0x000000d4bd700000,0x000000d4bd800000)]
  0x00000200b41717f0 JavaThread "Daemon periodic checks" [_thread_blocked, id=568, stack(0x000000d4bd800000,0x000000d4bd900000)]
  0x00000200b53f1ee0 JavaThread "Cache worker for journal cache (C:\Users\SPIRO24\.gradle\caches\journal-1)" [_thread_blocked, id=3240, stack(0x000000d4bdf00000,0x000000d4be000000)]
  0x00000200b53f1540 JavaThread "File lock request listener" [_thread_in_native, id=7640, stack(0x000000d4be000000,0x000000d4be100000)]
  0x00000200b53f4a30 JavaThread "Cache worker for file hash cache (C:\Users\SPIRO24\.gradle\caches\7.5\fileHashes)" [_thread_blocked, id=8080, stack(0x000000d4be100000,0x000000d4be200000)]
  0x00000200b53f1a10 JavaThread "File watcher server" daemon [_thread_blocked, id=7604, stack(0x000000d4be400000,0x000000d4be500000)]
  0x00000200b53f23b0 JavaThread "File watcher consumer" daemon [_thread_blocked, id=6068, stack(0x000000d4be500000,0x000000d4be600000)]
  0x00000200b53f2880 JavaThread "Cache worker for file content cache (C:\Users\SPIRO24\.gradle\caches\7.5\fileContent)" [_thread_blocked, id=9044, stack(0x000000d4be700000,0x000000d4be800000)]
  0x00000200b4f173b0 JavaThread "Cache worker for execution history cache (C:\Users\SPIRO24\.gradle\caches\7.5\executionHistory)" [_thread_blocked, id=4480, stack(0x000000d4beb00000,0x000000d4bec00000)]
  0x00000200b4f156d0 JavaThread "jar transforms" [_thread_blocked, id=6084, stack(0x000000d4bec00000,0x000000d4bed00000)]
  0x00000200b4f14390 JavaThread "Cache worker for kotlin-dsl (C:\Users\SPIRO24\.gradle\caches\7.5\kotlin-dsl)" [_thread_blocked, id=9652, stack(0x000000d4bed00000,0x000000d4bee00000)]
  0x00000200b4f19090 JavaThread "jar transforms Thread 2" [_thread_blocked, id=4336, stack(0x000000d4be800000,0x000000d4be900000)]
  0x00000200b4f17880 JavaThread "jar transforms Thread 3" [_thread_blocked, id=4456, stack(0x000000d4bf100000,0x000000d4bf200000)]
  0x00000200b4f14860 JavaThread "Memory manager" [_thread_blocked, id=4268, stack(0x000000d4bf200000,0x000000d4bf300000)]
  0x00000200b4f13050 JavaThread "jar transforms Thread 4" [_thread_blocked, id=8876, stack(0x000000d4bf300000,0x000000d4bf400000)]
  0x00000200bb01b960 JavaThread "pool-3-thread-1" [_thread_blocked, id=2008, stack(0x000000d4c2200000,0x000000d4c2300000)]
  0x00000200bb9ef540 JavaThread "pool-7-thread-1" [_thread_blocked, id=3484, stack(0x000000d4c2000000,0x000000d4c2100000)]
  0x00000200bf51e9c0 JavaThread "pool-10-thread-1" [_thread_blocked, id=8228, stack(0x000000d4c2400000,0x000000d4c2500000)]
  0x00000200b7ff2f00 JavaThread "pool-13-thread-1" [_thread_blocked, id=8592, stack(0x000000d4c1f00000,0x000000d4c2000000)]
  0x00000200bfbe4d90 JavaThread "pool-17-thread-1" [_thread_blocked, id=2116, stack(0x000000d4c2100000,0x000000d4c2200000)]
  0x00000200bf22fff0 JavaThread "pool-21-thread-1" [_thread_blocked, id=5404, stack(0x000000d4c2300000,0x000000d4c2400000)]
  0x00000200b5026f50 JavaThread "pool-25-thread-1" [_thread_blocked, id=7816, stack(0x000000d4c2500000,0x000000d4c2600000)]
  0x00000200b7ff38a0 JavaThread "Daemon Thread 8" [_thread_blocked, id=6748, stack(0x000000d4bbc00000,0x000000d4bbd00000)]
  0x00000200bb46c900 JavaThread "Handler for socket connection from /127.0.0.1:51708 to /127.0.0.1:54676" [_thread_in_native, id=11044, stack(0x000000d4bbd00000,0x000000d4bbe00000)]
  0x00000200bb46bf60 JavaThread "Cancel handler" [_thread_blocked, id=11064, stack(0x000000d4bbe00000,0x000000d4bbf00000)]
  0x00000200bb46ba90 JavaThread "Daemon worker Thread 8" [_thread_blocked, id=6612, stack(0x000000d4bd200000,0x000000d4bd300000)]
  0x00000200b4d237e0 JavaThread "Asynchronous log dispatcher for DefaultDaemonConnection: socket connection from /127.0.0.1:51708 to /127.0.0.1:54676" [_thread_blocked, id=4736, stack(0x000000d4bd900000,0x000000d4bda00000)]
  0x00000200b4d24650 JavaThread "Stdin handler" [_thread_blocked, id=6044, stack(0x000000d4bda00000,0x000000d4bdb00000)]
  0x00000200b4d23cb0 JavaThread "Daemon client event forwarder" [_thread_blocked, id=11220, stack(0x000000d4bdb00000,0x000000d4bdc00000)]
  0x00000200b4d23310 JavaThread "Cache worker for checksums cache (D:\flutterproject\womenss\android\.gradle\7.5\checksums)" [_thread_blocked, id=10564, stack(0x000000d4bdc00000,0x000000d4bdd00000)]
  0x00000200b5026a80 JavaThread "Cache worker for cache directory md-rule (C:\Users\SPIRO24\.gradle\caches\7.5\md-rule)" [_thread_blocked, id=1040, stack(0x000000d4bdd00000,0x000000d4bde00000)]
  0x00000200b50265b0 JavaThread "Cache worker for file hash cache (D:\flutterproject\womenss\android\.gradle\7.5\fileHashes)" [_thread_blocked, id=6784, stack(0x000000d4bde00000,0x000000d4bdf00000)]
  0x00000200b5029aa0 JavaThread "Cache worker for cache directory md-supplier (C:\Users\SPIRO24\.gradle\caches\7.5\md-supplier)" [_thread_blocked, id=8520, stack(0x000000d4be200000,0x000000d4be300000)]
  0x00000200b7ff3d70 JavaThread "Cache worker for dependencies-accessors (D:\flutterproject\womenss\android\.gradle\7.5\dependencies-accessors)" [_thread_blocked, id=10648, stack(0x000000d4be600000,0x000000d4be700000)]
  0x00000200b4d24180 JavaThread "Cache worker for Build Output Cleanup Cache (D:\flutter\flutter\packages\flutter_tools\gradle\.gradle\buildOutputCleanup)" [_thread_blocked, id=10964, stack(0x000000d4be900000,0x000000d4bea00000)]
  0x00000200b7ff4240 JavaThread "included builds" [_thread_blocked, id=7452, stack(0x000000d4bea00000,0x000000d4beb00000)]
  0x00000200b7ff5a50 JavaThread "Execution worker" [_thread_blocked, id=10300, stack(0x000000d4bee00000,0x000000d4bef00000)]
  0x00000200b7ff4710 JavaThread "Execution worker Thread 2" [_thread_blocked, id=10940, stack(0x000000d4bef00000,0x000000d4bf000000)]
  0x00000200b7ff4be0 JavaThread "Execution worker Thread 3" [_thread_blocked, id=7344, stack(0x000000d4bf000000,0x000000d4bf100000)]
  0x00000200b4d21fd0 JavaThread "Cache worker for execution history cache (D:\flutter\flutter\packages\flutter_tools\gradle\.gradle\7.5\executionHistory)" [_thread_blocked, id=7932, stack(0x000000d4bf400000,0x000000d4bf500000)]
  0x00000200b4d21b00 JavaThread "Unconstrained build operations" [_thread_blocked, id=7124, stack(0x000000d4bf500000,0x000000d4bf600000)]
  0x00000200b4d24b20 JavaThread "Unconstrained build operations Thread 2" [_thread_blocked, id=10288, stack(0x000000d4bf600000,0x000000d4bf700000)]
  0x00000200b4d24ff0 JavaThread "Unconstrained build operations Thread 3" [_thread_blocked, id=4700, stack(0x000000d4bf700000,0x000000d4bf800000)]
  0x00000200b4d22e40 JavaThread "Unconstrained build operations Thread 4" [_thread_blocked, id=7936, stack(0x000000d4bf800000,0x000000d4bf900000)]
  0x00000200bf22de40 JavaThread "Unconstrained build operations Thread 5" [_thread_blocked, id=2984, stack(0x000000d4bf900000,0x000000d4bfa00000)]
  0x00000200bf22d970 JavaThread "Unconstrained build operations Thread 6" [_thread_blocked, id=10144, stack(0x000000d4bfa00000,0x000000d4bfb00000)]
  0x00000200bf22fb20 JavaThread "Unconstrained build operations Thread 7" [_thread_blocked, id=1060, stack(0x000000d4bfb00000,0x000000d4bfc00000)]
  0x00000200bf22c630 JavaThread "Unconstrained build operations Thread 8" [_thread_blocked, id=10860, stack(0x000000d4bfc00000,0x000000d4bfd00000)]
  0x00000200bf22cb00 JavaThread "Unconstrained build operations Thread 9" [_thread_blocked, id=8152, stack(0x000000d4bfd00000,0x000000d4bfe00000)]
  0x00000200bf22e310 JavaThread "Unconstrained build operations Thread 10" [_thread_blocked, id=8924, stack(0x000000d4bfe00000,0x000000d4bff00000)]
  0x00000200b7ff5580 JavaThread "Unconstrained build operations Thread 11" [_thread_blocked, id=3960, stack(0x000000d4bff00000,0x000000d4c0000000)]
  0x00000200bf51e020 JavaThread "Unconstrained build operations Thread 12" [_thread_blocked, id=11084, stack(0x000000d4c0000000,0x000000d4c0100000)]
  0x00000200bf51ee90 JavaThread "Unconstrained build operations Thread 13" [_thread_blocked, id=2380, stack(0x000000d4c0100000,0x000000d4c0200000)]
  0x00000200bb469410 JavaThread "Unconstrained build operations Thread 14" [_thread_blocked, id=10728, stack(0x000000d4c0200000,0x000000d4c0300000)]
  0x00000200bb4698e0 JavaThread "Unconstrained build operations Thread 15" [_thread_blocked, id=9528, stack(0x000000d4c0300000,0x000000d4c0400000)]
  0x00000200bb469db0 JavaThread "Unconstrained build operations Thread 16" [_thread_blocked, id=2248, stack(0x000000d4c0400000,0x000000d4c0500000)]
  0x00000200bf51e4f0 JavaThread "Unconstrained build operations Thread 17" [_thread_blocked, id=972, stack(0x000000d4c0500000,0x000000d4c0600000)]
  0x00000200bf51f360 JavaThread "Unconstrained build operations Thread 18" [_thread_blocked, id=4148, stack(0x000000d4c0600000,0x000000d4c0700000)]
  0x00000200bf51c810 JavaThread "Unconstrained build operations Thread 19" [_thread_blocked, id=5036, stack(0x000000d4c0700000,0x000000d4c0800000)]
  0x00000200bf51f830 JavaThread "Unconstrained build operations Thread 20" [_thread_blocked, id=7496, stack(0x000000d4c0800000,0x000000d4c0900000)]
  0x00000200bf51be70 JavaThread "Unconstrained build operations Thread 21" [_thread_blocked, id=11204, stack(0x000000d4c0900000,0x000000d4c0a00000)]
  0x00000200bf51c340 JavaThread "Unconstrained build operations Thread 22" [_thread_blocked, id=7480, stack(0x000000d4c0a00000,0x000000d4c0b00000)]
  0x00000200bf51d1b0 JavaThread "Unconstrained build operations Thread 23" [_thread_blocked, id=4524, stack(0x000000d4c0b00000,0x000000d4c0c00000)]
  0x00000200bf51db50 JavaThread "Unconstrained build operations Thread 24" [_thread_blocked, id=2844, stack(0x000000d4c0c00000,0x000000d4c0d00000)]
  0x00000200bf51d680 JavaThread "Unconstrained build operations Thread 25" [_thread_blocked, id=2472, stack(0x000000d4c0d00000,0x000000d4c0e00000)]
  0x00000200bb47e970 JavaThread "Unconstrained build operations Thread 26" [_thread_blocked, id=9152, stack(0x000000d4c0e00000,0x000000d4c0f00000)]
  0x00000200b7f1cd40 JavaThread "Unconstrained build operations Thread 27" [_thread_blocked, id=3368, stack(0x000000d4c0f00000,0x000000d4c1000000)]
  0x00000200b7f1bed0 JavaThread "Unconstrained build operations Thread 28" [_thread_blocked, id=5008, stack(0x000000d4c1000000,0x000000d4c1100000)]
  0x00000200b7f1dbb0 JavaThread "Unconstrained build operations Thread 29" [_thread_blocked, id=2612, stack(0x000000d4c1100000,0x000000d4c1200000)]
  0x00000200b7f1e080 JavaThread "Unconstrained build operations Thread 30" [_thread_blocked, id=8324, stack(0x000000d4c1200000,0x000000d4c1300000)]
  0x00000200b7f1b530 JavaThread "Unconstrained build operations Thread 31" [_thread_blocked, id=7548, stack(0x000000d4c1300000,0x000000d4c1400000)]
  0x00000200b7f1e550 JavaThread "Unconstrained build operations Thread 32" [_thread_blocked, id=5328, stack(0x000000d4c1400000,0x000000d4c1500000)]
  0x00000200b7f1ea20 JavaThread "Unconstrained build operations Thread 33" [_thread_blocked, id=10440, stack(0x000000d4c1500000,0x000000d4c1600000)]
  0x00000200b7f1b060 JavaThread "Unconstrained build operations Thread 34" [_thread_blocked, id=5476, stack(0x000000d4c1600000,0x000000d4c1700000)]
  0x00000200b502cac0 JavaThread "Unconstrained build operations Thread 35" [_thread_blocked, id=1720, stack(0x000000d4c1700000,0x000000d4c1800000)]
  0x00000200b7f1ba00 JavaThread "Unconstrained build operations Thread 36" [_thread_blocked, id=7048, stack(0x000000d4c1800000,0x000000d4c1900000)]
  0x00000200b7f1c3a0 JavaThread "Unconstrained build operations Thread 37" [_thread_blocked, id=6580, stack(0x000000d4c1900000,0x000000d4c1a00000)]
  0x00000200b7f1c870 JavaThread "Unconstrained build operations Thread 38" [_thread_blocked, id=8508, stack(0x000000d4c1a00000,0x000000d4c1b00000)]
  0x00000200b7f1d210 JavaThread "Unconstrained build operations Thread 39" [_thread_blocked, id=8796, stack(0x000000d4c1b00000,0x000000d4c1c00000)]
  0x00000200b7f1d6e0 JavaThread "Unconstrained build operations Thread 40" [_thread_blocked, id=2348, stack(0x000000d4c1c00000,0x000000d4c1d00000)]
  0x00000200bb46ac20 JavaThread "Cache worker for Build Output Cleanup Cache (D:\flutterproject\womenss\android\.gradle\buildOutputCleanup)" [_thread_blocked, id=10460, stack(0x000000d4c1d00000,0x000000d4c1e00000)]
  0x00000200bb46a280 JavaThread "pool-29-thread-1" [_thread_blocked, id=11244, stack(0x000000d4c1e00000,0x000000d4c1f00000)]
  0x00000200bb46a750 JavaThread "build event listener" [_thread_blocked, id=7992, stack(0x000000d4c2600000,0x000000d4c2700000)]
  0x00000200b3690cb0 JavaThread "Cache worker for execution history cache (D:\flutterproject\womenss\android\.gradle\7.5\executionHistory)" [_thread_blocked, id=4640, stack(0x000000d4c2700000,0x000000d4c2800000)]
  0x00000200bf22e7e0 JavaThread "Exec process Thread 22" [_thread_blocked, id=3268, stack(0x000000d4c2800000,0x000000d4c2900000)]
  0x00000200bb46b0f0 JavaThread "Exec process Thread 23" [_thread_blocked, id=3604, stack(0x000000d4c2900000,0x000000d4c2a00000)]
  0x00000200bb9f0880 JavaThread "Exec process Thread 24" [_thread_blocked, id=2044, stack(0x000000d4c2c00000,0x000000d4c2d00000)]
  0x00000200bf22cfd0 JavaThread "WorkerExecutor Queue" [_thread_blocked, id=10828, stack(0x000000d4c2d00000,0x000000d4c2e00000)]
  0x00000200bf22ecb0 JavaThread "WorkerExecutor Queue Thread 2" [_thread_blocked, id=1044, stack(0x000000d4c2e00000,0x000000d4c2f00000)]
  0x00000200bf22d4a0 JavaThread "WorkerExecutor Queue Thread 3" [_thread_blocked, id=10368, stack(0x000000d4c2f00000,0x000000d4c3000000)]

Other Threads:
=>0x00000200b1ca2560 VMThread "VM Thread" [stack: 0x000000d4bc500000,0x000000d4bc600000] [id=6304]
  0x00000200b2a01ca0 WatcherThread [stack: 0x000000d4bd100000,0x000000d4bd200000] [id=5408]
  0x0000020091bd1c70 GCTaskThread "GC Thread#0" [stack: 0x000000d4bc000000,0x000000d4bc100000] [id=5740]
  0x00000200b315ca20 GCTaskThread "GC Thread#1" [stack: 0x000000d4bd300000,0x000000d4bd400000] [id=8104]
  0x00000200b315c280 GCTaskThread "GC Thread#2" [stack: 0x000000d4bd400000,0x000000d4bd500000] [id=1888]
  0x00000200b3dd6ca0 GCTaskThread "GC Thread#3" [stack: 0x000000d4bd500000,0x000000d4bd600000] [id=7948]
  0x0000020091be2ac0 ConcurrentGCThread "G1 Main Marker" [stack: 0x000000d4bc100000,0x000000d4bc200000] [id=6444]
  0x0000020091be33e0 ConcurrentGCThread "G1 Conc#0" [stack: 0x000000d4bc200000,0x000000d4bc300000] [id=6396]
  0x00000200b1b124b0 ConcurrentGCThread "G1 Refine#0" [stack: 0x000000d4bc300000,0x000000d4bc400000] [id=5352]
  0x00000200b50ae730 ConcurrentGCThread "G1 Refine#1" [stack: 0x000000d4be300000,0x000000d4be400000] [id=8956]
  0x00000200bc606960 ConcurrentGCThread "G1 Refine#2" [stack: 0x000000d4c2a00000,0x000000d4c2b00000] [id=6424]
  0x00000200b535e060 ConcurrentGCThread "G1 Refine#3" [stack: 0x000000d4c2b00000,0x000000d4c2c00000] [id=9996]
  0x0000020091c1efd0 ConcurrentGCThread "G1 Service" [stack: 0x000000d4bc400000,0x000000d4bc500000] [id=2688]

Threads with active compile tasks:
C2 CompilerThread0  15679711 26597       4       org.gradle.api.internal.artifacts.dsl.dependencies.DefaultDependencyConstraintHandler::doAdd (66 bytes)

VM state: at safepoint (normal execution)

VM Mutex/Monitor currently owned by a thread:  ([mutex/lock_event])
[0x0000020091b64760] Threads_lock - owner thread: 0x00000200b1ca2560
[0x0000020091b64d90] Heap_lock - owner thread: 0x00000200bf22ecb0

Heap address: 0x0000000700000000, size: 4096 MB, Compressed Oops mode: Zero based, Oop shift amount: 3

CDS archive(s) not mapped
Compressed class space mapped at: 0x0000000800000000-0x0000000840000000, reserved size: 1073741824
Narrow klass base: 0x0000000800000000, Narrow klass shift: 0, Narrow klass range: 0x40000000

GC Precious Log:
 CPUs: 4 total, 4 available
 Memory: 8064M
 Large Page Support: Disabled
 NUMA Support: Disabled
 Compressed Oops: Enabled (Zero based)
 Heap Region Size: 2M
 Heap Min Capacity: 8M
 Heap Initial Capacity: 128M
 Heap Max Capacity: 4G
 Pre-touch: Disabled
 Parallel Workers: 4
 Concurrent Workers: 1
 Concurrent Refinement Workers: 4
 Periodic GC: Disabled

Heap:
 garbage-first heap   total 1269760K, used 217912K [0x0000000700000000, 0x0000000800000000)
  region size 2048K, 4 young (8192K), 4 survivors (8192K)
 Metaspace       used 124858K, committed 126976K, reserved 1163264K
  class space    used 16490K, committed 17408K, reserved 1048576K

Heap Regions: E=young(eden), S=young(survivor), O=old, HS=humongous(starts), HC=humongous(continues), CS=collection set, F=free, OA=open archive, CA=closed archive, TAMS=top-at-mark-start (previous, next)
|   0|0x0000000700000000, 0x0000000700200000, 0x0000000700200000|100%|HS|  |TAMS 0x0000000700200000, 0x0000000700200000| Complete 
|   1|0x0000000700200000, 0x0000000700400000, 0x0000000700400000|100%|HC|  |TAMS 0x0000000700400000, 0x0000000700400000| Complete 
|   2|0x0000000700400000, 0x0000000700600000, 0x0000000700600000|100%| O|  |TAMS 0x0000000700600000, 0x0000000700600000| Untracked 
|   3|0x0000000700600000, 0x0000000700800000, 0x0000000700800000|100%| O|  |TAMS 0x0000000700800000, 0x0000000700800000| Untracked 
|   4|0x0000000700800000, 0x0000000700a00000, 0x0000000700a00000|100%| O|  |TAMS 0x0000000700a00000, 0x0000000700a00000| Untracked 
|   5|0x0000000700a00000, 0x0000000700c00000, 0x0000000700c00000|100%| O|  |TAMS 0x0000000700c00000, 0x0000000700c00000| Untracked 
|   6|0x0000000700c00000, 0x0000000700e00000, 0x0000000700e00000|100%| O|  |TAMS 0x0000000700e00000, 0x0000000700e00000| Untracked 
|   7|0x0000000700e00000, 0x0000000701000000, 0x0000000701000000|100%| O|  |TAMS 0x0000000701000000, 0x0000000701000000| Untracked 
|   8|0x0000000701000000, 0x0000000701200000, 0x0000000701200000|100%| O|  |TAMS 0x0000000701200000, 0x0000000701200000| Untracked 
|   9|0x0000000701200000, 0x0000000701400000, 0x0000000701400000|100%| O|  |TAMS 0x0000000701400000, 0x0000000701400000| Untracked 
|  10|0x0000000701400000, 0x0000000701600000, 0x0000000701600000|100%| O|  |TAMS 0x0000000701600000, 0x0000000701600000| Untracked 
|  11|0x0000000701600000, 0x0000000701800000, 0x0000000701800000|100%| O|  |TAMS 0x0000000701800000, 0x0000000701800000| Untracked 
|  12|0x0000000701800000, 0x0000000701a00000, 0x0000000701a00000|100%| O|  |TAMS 0x0000000701a00000, 0x0000000701a00000| Untracked 
|  13|0x0000000701a00000, 0x0000000701c00000, 0x0000000701c00000|100%| O|  |TAMS 0x0000000701c00000, 0x0000000701c00000| Untracked 
|  14|0x0000000701c00000, 0x0000000701e00000, 0x0000000701e00000|100%| O|  |TAMS 0x0000000701e00000, 0x0000000701e00000| Untracked 
|  15|0x0000000701e00000, 0x0000000702000000, 0x0000000702000000|100%| O|  |TAMS 0x0000000702000000, 0x0000000702000000| Untracked 
|  16|0x0000000702000000, 0x0000000702200000, 0x0000000702200000|100%| O|  |TAMS 0x0000000702200000, 0x0000000702200000| Untracked 
|  17|0x0000000702200000, 0x0000000702400000, 0x0000000702400000|100%| O|  |TAMS 0x0000000702400000, 0x0000000702400000| Untracked 
|  18|0x0000000702400000, 0x0000000702600000, 0x0000000702600000|100%| O|  |TAMS 0x0000000702600000, 0x0000000702600000| Untracked 
|  19|0x0000000702600000, 0x0000000702800000, 0x0000000702800000|100%| O|  |TAMS 0x0000000702800000, 0x0000000702800000| Untracked 
|  20|0x0000000702800000, 0x0000000702a00000, 0x0000000702a00000|100%| O|  |TAMS 0x0000000702a00000, 0x0000000702a00000| Untracked 
|  21|0x0000000702a00000, 0x0000000702c00000, 0x0000000702c00000|100%| O|  |TAMS 0x0000000702c00000, 0x0000000702c00000| Untracked 
|  22|0x0000000702c00000, 0x0000000702e00000, 0x0000000702e00000|100%| O|  |TAMS 0x0000000702e00000, 0x0000000702e00000| Untracked 
|  23|0x0000000702e00000, 0x0000000703000000, 0x0000000703000000|100%|HS|  |TAMS 0x0000000703000000, 0x0000000703000000| Complete 
|  24|0x0000000703000000, 0x0000000703200000, 0x0000000703200000|100%| O|  |TAMS 0x0000000703200000, 0x0000000703200000| Untracked 
|  25|0x0000000703200000, 0x0000000703400000, 0x0000000703400000|100%| O|  |TAMS 0x0000000703400000, 0x0000000703400000| Untracked 
|  26|0x0000000703400000, 0x0000000703600000, 0x0000000703600000|100%| O|  |TAMS 0x0000000703600000, 0x0000000703600000| Untracked 
|  27|0x0000000703600000, 0x0000000703800000, 0x0000000703800000|100%| O|  |TAMS 0x0000000703800000, 0x0000000703800000| Untracked 
|  28|0x0000000703800000, 0x0000000703a00000, 0x0000000703a00000|100%|HS|  |TAMS 0x0000000703a00000, 0x0000000703a00000| Complete 
|  29|0x0000000703a00000, 0x0000000703c00000, 0x0000000703c00000|100%|HC|  |TAMS 0x0000000703c00000, 0x0000000703c00000| Complete 
|  30|0x0000000703c00000, 0x0000000703e00000, 0x0000000703e00000|100%| O|  |TAMS 0x0000000703e00000, 0x0000000703e00000| Untracked 
|  31|0x0000000703e00000, 0x0000000704000000, 0x0000000704000000|100%| O|  |TAMS 0x0000000704000000, 0x0000000704000000| Untracked 
|  32|0x0000000704000000, 0x0000000704000000, 0x0000000704200000|  0%| F|  |TAMS 0x0000000704000000, 0x0000000704000000| Untracked 
|  33|0x0000000704200000, 0x0000000704400000, 0x0000000704400000|100%| O|  |TAMS 0x0000000704400000, 0x0000000704400000| Untracked 
|  34|0x0000000704400000, 0x0000000704400000, 0x0000000704600000|  0%| F|  |TAMS 0x0000000704400000, 0x0000000704400000| Untracked 
|  35|0x0000000704600000, 0x0000000704800000, 0x0000000704800000|100%| O|  |TAMS 0x0000000704800000, 0x0000000704800000| Untracked 
|  36|0x0000000704800000, 0x0000000704a00000, 0x0000000704a00000|100%| O|  |TAMS 0x0000000704a00000, 0x0000000704a00000| Untracked 
|  37|0x0000000704a00000, 0x0000000704c00000, 0x0000000704c00000|100%| O|  |TAMS 0x0000000704a00000, 0x0000000704c00000| Untracked 
|  38|0x0000000704c00000, 0x0000000704e00000, 0x0000000704e00000|100%| O|  |TAMS 0x0000000704e00000, 0x0000000704e00000| Untracked 
|  39|0x0000000704e00000, 0x0000000705000000, 0x0000000705000000|100%| O|  |TAMS 0x0000000705000000, 0x0000000705000000| Untracked 
|  40|0x0000000705000000, 0x0000000705200000, 0x0000000705200000|100%| O|  |TAMS 0x0000000705200000, 0x0000000705200000| Untracked 
|  41|0x0000000705200000, 0x0000000705400000, 0x0000000705400000|100%| O|  |TAMS 0x0000000705400000, 0x0000000705400000| Untracked 
|  42|0x0000000705400000, 0x0000000705600000, 0x0000000705600000|100%| O|  |TAMS 0x0000000705600000, 0x0000000705600000| Untracked 
|  43|0x0000000705600000, 0x0000000705800000, 0x0000000705800000|100%| O|  |TAMS 0x0000000705800000, 0x0000000705800000| Untracked 
|  44|0x0000000705800000, 0x0000000705a00000, 0x0000000705a00000|100%| O|  |TAMS 0x0000000705a00000, 0x0000000705a00000| Untracked 
|  45|0x0000000705a00000, 0x0000000705c00000, 0x0000000705c00000|100%| O|  |TAMS 0x0000000705c00000, 0x0000000705c00000| Untracked 
|  46|0x0000000705c00000, 0x0000000705e00000, 0x0000000705e00000|100%| O|  |TAMS 0x0000000705c00000, 0x0000000705e00000| Untracked 
|  47|0x0000000705e00000, 0x0000000706000000, 0x0000000706000000|100%| O|  |TAMS 0x0000000706000000, 0x0000000706000000| Untracked 
|  48|0x0000000706000000, 0x0000000706200000, 0x0000000706200000|100%| O|  |TAMS 0x0000000706200000, 0x0000000706200000| Untracked 
|  49|0x0000000706200000, 0x0000000706400000, 0x0000000706400000|100%| O|  |TAMS 0x0000000706400000, 0x0000000706400000| Untracked 
|  50|0x0000000706400000, 0x0000000706600000, 0x0000000706600000|100%| O|  |TAMS 0x0000000706600000, 0x0000000706600000| Untracked 
|  51|0x0000000706600000, 0x0000000706800000, 0x0000000706800000|100%| O|  |TAMS 0x0000000706800000, 0x0000000706800000| Untracked 
|  52|0x0000000706800000, 0x0000000706a00000, 0x0000000706a00000|100%| O|  |TAMS 0x0000000706a00000, 0x0000000706a00000| Untracked 
|  53|0x0000000706a00000, 0x0000000706c00000, 0x0000000706c00000|100%| O|  |TAMS 0x0000000706c00000, 0x0000000706c00000| Untracked 
|  54|0x0000000706c00000, 0x0000000706e00000, 0x0000000706e00000|100%| O|  |TAMS 0x0000000706e00000, 0x0000000706e00000| Untracked 
|  55|0x0000000706e00000, 0x0000000707000000, 0x0000000707000000|100%| O|  |TAMS 0x0000000707000000, 0x0000000707000000| Untracked 
|  56|0x0000000707000000, 0x0000000707200000, 0x0000000707200000|100%| O|  |TAMS 0x0000000707200000, 0x0000000707200000| Untracked 
|  57|0x0000000707200000, 0x0000000707400000, 0x0000000707400000|100%| O|  |TAMS 0x0000000707400000, 0x0000000707400000| Untracked 
|  58|0x0000000707400000, 0x0000000707600000, 0x0000000707600000|100%| O|  |TAMS 0x0000000707600000, 0x0000000707600000| Untracked 
|  59|0x0000000707600000, 0x0000000707800000, 0x0000000707800000|100%| O|  |TAMS 0x0000000707800000, 0x0000000707800000| Untracked 
|  60|0x0000000707800000, 0x0000000707a00000, 0x0000000707a00000|100%| O|  |TAMS 0x0000000707800000, 0x0000000707a00000| Untracked 
|  61|0x0000000707a00000, 0x0000000707c00000, 0x0000000707c00000|100%| O|  |TAMS 0x0000000707a00000, 0x0000000707c00000| Untracked 
|  62|0x0000000707c00000, 0x0000000707e00000, 0x0000000707e00000|100%| O|  |TAMS 0x0000000707c00000, 0x0000000707e00000| Untracked 
|  63|0x0000000707e00000, 0x0000000708000000, 0x0000000708000000|100%| O|  |TAMS 0x0000000708000000, 0x0000000708000000| Untracked 
|  64|0x0000000708000000, 0x0000000708200000, 0x0000000708200000|100%| O|  |TAMS 0x0000000708000000, 0x0000000708200000| Untracked 
|  65|0x0000000708200000, 0x0000000708400000, 0x0000000708400000|100%| O|  |TAMS 0x0000000708400000, 0x0000000708400000| Untracked 
|  66|0x0000000708400000, 0x0000000708600000, 0x0000000708600000|100%| O|  |TAMS 0x0000000708600000, 0x0000000708600000| Untracked 
|  67|0x0000000708600000, 0x0000000708800000, 0x0000000708800000|100%| O|  |TAMS 0x0000000708600000, 0x0000000708800000| Untracked 
|  68|0x0000000708800000, 0x0000000708a00000, 0x0000000708a00000|100%| O|  |TAMS 0x0000000708800000, 0x0000000708a00000| Untracked 
|  69|0x0000000708a00000, 0x0000000708c00000, 0x0000000708c00000|100%| O|  |TAMS 0x0000000708c00000, 0x0000000708c00000| Untracked 
|  70|0x0000000708c00000, 0x0000000708e00000, 0x0000000708e00000|100%| O|  |TAMS 0x0000000708c00000, 0x0000000708e00000| Untracked 
|  71|0x0000000708e00000, 0x0000000709000000, 0x0000000709000000|100%| O|  |TAMS 0x0000000709000000, 0x0000000709000000| Untracked 
|  72|0x0000000709000000, 0x0000000709200000, 0x0000000709200000|100%| O|  |TAMS 0x0000000709200000, 0x0000000709200000| Untracked 
|  73|0x0000000709200000, 0x0000000709400000, 0x0000000709400000|100%| O|  |TAMS 0x0000000709400000, 0x0000000709400000| Untracked 
|  74|0x0000000709400000, 0x0000000709600000, 0x0000000709600000|100%| O|  |TAMS 0x0000000709600000, 0x0000000709600000| Untracked 
|  75|0x0000000709600000, 0x0000000709800000, 0x0000000709800000|100%| O|  |TAMS 0x0000000709800000, 0x0000000709800000| Untracked 
|  76|0x0000000709800000, 0x0000000709a00000, 0x0000000709a00000|100%| O|  |TAMS 0x0000000709a00000, 0x0000000709a00000| Untracked 
|  77|0x0000000709a00000, 0x0000000709c00000, 0x0000000709c00000|100%| O|  |TAMS 0x0000000709c00000, 0x0000000709c00000| Untracked 
|  78|0x0000000709c00000, 0x0000000709e00000, 0x0000000709e00000|100%| O|  |TAMS 0x0000000709e00000, 0x0000000709e00000| Untracked 
|  79|0x0000000709e00000, 0x000000070a000000, 0x000000070a000000|100%| O|  |TAMS 0x000000070a000000, 0x000000070a000000| Untracked 
|  80|0x000000070a000000, 0x000000070a000000, 0x000000070a200000|  0%| F|  |TAMS 0x000000070a000000, 0x000000070a000000| Untracked 
|  81|0x000000070a200000, 0x000000070a400000, 0x000000070a400000|100%| O|  |TAMS 0x000000070a400000, 0x000000070a400000| Untracked 
|  82|0x000000070a400000, 0x000000070a600000, 0x000000070a600000|100%| O|  |TAMS 0x000000070a600000, 0x000000070a600000| Untracked 
|  83|0x000000070a600000, 0x000000070a800000, 0x000000070a800000|100%| O|  |TAMS 0x000000070a800000, 0x000000070a800000| Untracked 
|  84|0x000000070a800000, 0x000000070aa00000, 0x000000070aa00000|100%| O|  |TAMS 0x000000070aa00000, 0x000000070aa00000| Untracked 
|  85|0x000000070aa00000, 0x000000070ac00000, 0x000000070ac00000|100%| O|  |TAMS 0x000000070ac00000, 0x000000070ac00000| Untracked 
|  86|0x000000070ac00000, 0x000000070ae00000, 0x000000070ae00000|100%| O|  |TAMS 0x000000070ae00000, 0x000000070ae00000| Untracked 
|  87|0x000000070ae00000, 0x000000070b000000, 0x000000070b000000|100%| O|  |TAMS 0x000000070b000000, 0x000000070b000000| Untracked 
|  88|0x000000070b000000, 0x000000070b000000, 0x000000070b200000|  0%| F|  |TAMS 0x000000070b000000, 0x000000070b000000| Untracked 
|  89|0x000000070b200000, 0x000000070b200000, 0x000000070b400000|  0%| F|  |TAMS 0x000000070b200000, 0x000000070b200000| Untracked 
|  90|0x000000070b400000, 0x000000070b600000, 0x000000070b600000|100%| O|  |TAMS 0x000000070b600000, 0x000000070b600000| Untracked 
|  91|0x000000070b600000, 0x000000070b800000, 0x000000070b800000|100%| O|  |TAMS 0x000000070b800000, 0x000000070b800000| Untracked 
|  92|0x000000070b800000, 0x000000070ba00000, 0x000000070ba00000|100%| O|  |TAMS 0x000000070ba00000, 0x000000070ba00000| Untracked 
|  93|0x000000070ba00000, 0x000000070ba00000, 0x000000070bc00000|  0%| F|  |TAMS 0x000000070ba00000, 0x000000070ba00000| Untracked 
|  94|0x000000070bc00000, 0x000000070be00000, 0x000000070be00000|100%| O|  |TAMS 0x000000070be00000, 0x000000070be00000| Untracked 
|  95|0x000000070be00000, 0x000000070c000000, 0x000000070c000000|100%| O|  |TAMS 0x000000070c000000, 0x000000070c000000| Untracked 
|  96|0x000000070c000000, 0x000000070c200000, 0x000000070c200000|100%| O|  |TAMS 0x000000070c200000, 0x000000070c200000| Untracked 
|  97|0x000000070c200000, 0x000000070c400000, 0x000000070c400000|100%| O|  |TAMS 0x000000070c400000, 0x000000070c400000| Untracked 
|  98|0x000000070c400000, 0x000000070c600000, 0x000000070c600000|100%| O|  |TAMS 0x000000070c600000, 0x000000070c600000| Untracked 
|  99|0x000000070c600000, 0x000000070c800000, 0x000000070c800000|100%| O|  |TAMS 0x000000070c600000, 0x000000070c800000| Untracked 
| 100|0x000000070c800000, 0x000000070ca00000, 0x000000070ca00000|100%| O|  |TAMS 0x000000070c9ef800, 0x000000070ca00000| Untracked 
| 101|0x000000070ca00000, 0x000000070cc00000, 0x000000070cc00000|100%| O|  |TAMS 0x000000070ca00000, 0x000000070cc00000| Untracked 
| 102|0x000000070cc00000, 0x000000070ce00000, 0x000000070ce00000|100%| O|  |TAMS 0x000000070cc00000, 0x000000070ce00000| Untracked 
| 103|0x000000070ce00000, 0x000000070d000000, 0x000000070d000000|100%| O|  |TAMS 0x000000070d000000, 0x000000070d000000| Untracked 
| 104|0x000000070d000000, 0x000000070d200000, 0x000000070d200000|100%| O|  |TAMS 0x000000070d200000, 0x000000070d200000| Untracked 
| 105|0x000000070d200000, 0x000000070d400000, 0x000000070d400000|100%| O|  |TAMS 0x000000070d200000, 0x000000070d400000| Untracked 
| 106|0x000000070d400000, 0x000000070d600000, 0x000000070d600000|100%| O|  |TAMS 0x000000070d400000, 0x000000070d600000| Untracked 
| 107|0x000000070d600000, 0x000000070d800000, 0x000000070d800000|100%| O|  |TAMS 0x000000070d600000, 0x000000070d800000| Untracked 
| 108|0x000000070d800000, 0x000000070d9cda00, 0x000000070da00000| 90%| O|  |TAMS 0x000000070d800000, 0x000000070d9cda00| Untracked 
| 109|0x000000070da00000, 0x000000070da00000, 0x000000070dc00000|  0%| F|  |TAMS 0x000000070da00000, 0x000000070da00000| Untracked 
| 110|0x000000070dc00000, 0x000000070dc00000, 0x000000070de00000|  0%| F|  |TAMS 0x000000070dc00000, 0x000000070dc00000| Untracked 
| 111|0x000000070de00000, 0x000000070de00000, 0x000000070e000000|  0%| F|  |TAMS 0x000000070de00000, 0x000000070de00000| Untracked 
| 112|0x000000070e000000, 0x000000070e000000, 0x000000070e200000|  0%| F|  |TAMS 0x000000070e000000, 0x000000070e000000| Untracked 
| 113|0x000000070e200000, 0x000000070e200000, 0x000000070e400000|  0%| F|  |TAMS 0x000000070e200000, 0x000000070e200000| Untracked 
| 114|0x000000070e400000, 0x000000070e400000, 0x000000070e600000|  0%| F|  |TAMS 0x000000070e400000, 0x000000070e400000| Untracked 
| 115|0x000000070e600000, 0x000000070e600000, 0x000000070e800000|  0%| F|  |TAMS 0x000000070e600000, 0x000000070e600000| Untracked 
| 116|0x000000070e800000, 0x000000070e800000, 0x000000070ea00000|  0%| F|  |TAMS 0x000000070e800000, 0x000000070e800000| Untracked 
| 117|0x000000070ea00000, 0x000000070ea00000, 0x000000070ec00000|  0%| F|  |TAMS 0x000000070ea00000, 0x000000070ea00000| Untracked 
| 118|0x000000070ec00000, 0x000000070ec00000, 0x000000070ee00000|  0%| F|  |TAMS 0x000000070ec00000, 0x000000070ec00000| Untracked 
| 119|0x000000070ee00000, 0x000000070ee00000, 0x000000070f000000|  0%| F|  |TAMS 0x000000070ee00000, 0x000000070ee00000| Untracked 
| 120|0x000000070f000000, 0x000000070f000000, 0x000000070f200000|  0%| F|  |TAMS 0x000000070f000000, 0x000000070f000000| Untracked 
| 121|0x000000070f200000, 0x000000070f200000, 0x000000070f400000|  0%| F|  |TAMS 0x000000070f200000, 0x000000070f200000| Untracked 
| 122|0x000000070f400000, 0x000000070f400000, 0x000000070f600000|  0%| F|  |TAMS 0x000000070f400000, 0x000000070f400000| Untracked 
| 123|0x000000070f600000, 0x000000070f600000, 0x000000070f800000|  0%| F|  |TAMS 0x000000070f600000, 0x000000070f600000| Untracked 
| 124|0x000000070f800000, 0x000000070f800000, 0x000000070fa00000|  0%| F|  |TAMS 0x000000070f800000, 0x000000070f800000| Untracked 
| 125|0x000000070fa00000, 0x000000070fa00000, 0x000000070fc00000|  0%| F|  |TAMS 0x000000070fa00000, 0x000000070fa00000| Untracked 
| 126|0x000000070fc00000, 0x000000070fc00000, 0x000000070fe00000|  0%| F|  |TAMS 0x000000070fc00000, 0x000000070fc00000| Untracked 
| 127|0x000000070fe00000, 0x000000070fe00000, 0x0000000710000000|  0%| F|  |TAMS 0x000000070fe00000, 0x000000070fe00000| Untracked 
| 128|0x0000000710000000, 0x0000000710000000, 0x0000000710200000|  0%| F|  |TAMS 0x0000000710000000, 0x0000000710000000| Untracked 
| 129|0x0000000710200000, 0x0000000710200000, 0x0000000710400000|  0%| F|  |TAMS 0x0000000710200000, 0x0000000710200000| Untracked 
| 130|0x0000000710400000, 0x0000000710400000, 0x0000000710600000|  0%| F|  |TAMS 0x0000000710400000, 0x0000000710400000| Untracked 
| 131|0x0000000710600000, 0x0000000710600000, 0x0000000710800000|  0%| F|  |TAMS 0x0000000710600000, 0x0000000710600000| Untracked 
| 132|0x0000000710800000, 0x0000000710800000, 0x0000000710a00000|  0%| F|  |TAMS 0x0000000710800000, 0x0000000710800000| Untracked 
| 133|0x0000000710a00000, 0x0000000710a00000, 0x0000000710c00000|  0%| F|  |TAMS 0x0000000710a00000, 0x0000000710a00000| Untracked 
| 134|0x0000000710c00000, 0x0000000710c00000, 0x0000000710e00000|  0%| F|  |TAMS 0x0000000710c00000, 0x0000000710c00000| Untracked 
| 135|0x0000000710e00000, 0x0000000710e00000, 0x0000000711000000|  0%| F|  |TAMS 0x0000000710e00000, 0x0000000710e00000| Untracked 
| 136|0x0000000711000000, 0x0000000711000000, 0x0000000711200000|  0%| F|  |TAMS 0x0000000711000000, 0x0000000711000000| Untracked 
| 137|0x0000000711200000, 0x0000000711200000, 0x0000000711400000|  0%| F|  |TAMS 0x0000000711200000, 0x0000000711200000| Untracked 
| 138|0x0000000711400000, 0x0000000711400000, 0x0000000711600000|  0%| F|  |TAMS 0x0000000711400000, 0x0000000711400000| Untracked 
| 139|0x0000000711600000, 0x0000000711600000, 0x0000000711800000|  0%| F|  |TAMS 0x0000000711600000, 0x0000000711600000| Untracked 
| 140|0x0000000711800000, 0x0000000711800000, 0x0000000711a00000|  0%| F|  |TAMS 0x0000000711800000, 0x0000000711800000| Untracked 
| 141|0x0000000711a00000, 0x0000000711a00000, 0x0000000711c00000|  0%| F|  |TAMS 0x0000000711a00000, 0x0000000711a00000| Untracked 
| 142|0x0000000711c00000, 0x0000000711c00000, 0x0000000711e00000|  0%| F|  |TAMS 0x0000000711c00000, 0x0000000711c00000| Untracked 
| 143|0x0000000711e00000, 0x0000000711e00000, 0x0000000712000000|  0%| F|  |TAMS 0x0000000711e00000, 0x0000000711e00000| Untracked 
| 144|0x0000000712000000, 0x0000000712000000, 0x0000000712200000|  0%| F|  |TAMS 0x0000000712000000, 0x0000000712000000| Untracked 
| 145|0x0000000712200000, 0x0000000712200000, 0x0000000712400000|  0%| F|  |TAMS 0x0000000712200000, 0x0000000712200000| Untracked 
| 146|0x0000000712400000, 0x0000000712400000, 0x0000000712600000|  0%| F|  |TAMS 0x0000000712400000, 0x0000000712400000| Untracked 
| 147|0x0000000712600000, 0x0000000712600000, 0x0000000712800000|  0%| F|  |TAMS 0x0000000712600000, 0x0000000712600000| Untracked 
| 148|0x0000000712800000, 0x0000000712800000, 0x0000000712a00000|  0%| F|  |TAMS 0x0000000712800000, 0x0000000712800000| Untracked 
| 149|0x0000000712a00000, 0x0000000712a00000, 0x0000000712c00000|  0%| F|  |TAMS 0x0000000712a00000, 0x0000000712a00000| Untracked 
| 150|0x0000000712c00000, 0x0000000712c00000, 0x0000000712e00000|  0%| F|  |TAMS 0x0000000712c00000, 0x0000000712c00000| Untracked 
| 151|0x0000000712e00000, 0x0000000712e00000, 0x0000000713000000|  0%| F|  |TAMS 0x0000000712e00000, 0x0000000712e00000| Untracked 
| 152|0x0000000713000000, 0x0000000713000000, 0x0000000713200000|  0%| F|  |TAMS 0x0000000713000000, 0x0000000713000000| Untracked 
| 153|0x0000000713200000, 0x0000000713200000, 0x0000000713400000|  0%| F|  |TAMS 0x0000000713200000, 0x0000000713200000| Untracked 
| 154|0x0000000713400000, 0x0000000713400000, 0x0000000713600000|  0%| F|  |TAMS 0x0000000713400000, 0x0000000713400000| Untracked 
| 155|0x0000000713600000, 0x0000000713600000, 0x0000000713800000|  0%| F|  |TAMS 0x0000000713600000, 0x0000000713600000| Untracked 
| 156|0x0000000713800000, 0x0000000713800000, 0x0000000713a00000|  0%| F|  |TAMS 0x0000000713800000, 0x0000000713800000| Untracked 
| 157|0x0000000713a00000, 0x0000000713a00000, 0x0000000713c00000|  0%| F|  |TAMS 0x0000000713a00000, 0x0000000713a00000| Untracked 
| 158|0x0000000713c00000, 0x0000000713c00000, 0x0000000713e00000|  0%| F|  |TAMS 0x0000000713c00000, 0x0000000713c00000| Untracked 
| 159|0x0000000713e00000, 0x0000000713e00000, 0x0000000714000000|  0%| F|  |TAMS 0x0000000713e00000, 0x0000000713e00000| Untracked 
| 160|0x0000000714000000, 0x0000000714000000, 0x0000000714200000|  0%| F|  |TAMS 0x0000000714000000, 0x0000000714000000| Untracked 
| 161|0x0000000714200000, 0x0000000714200000, 0x0000000714400000|  0%| F|  |TAMS 0x0000000714200000, 0x0000000714200000| Untracked 
| 162|0x0000000714400000, 0x0000000714400000, 0x0000000714600000|  0%| F|  |TAMS 0x0000000714400000, 0x0000000714400000| Untracked 
| 163|0x0000000714600000, 0x0000000714600000, 0x0000000714800000|  0%| F|  |TAMS 0x0000000714600000, 0x0000000714600000| Untracked 
| 164|0x0000000714800000, 0x0000000714800000, 0x0000000714a00000|  0%| F|  |TAMS 0x0000000714800000, 0x0000000714800000| Untracked 
| 165|0x0000000714a00000, 0x0000000714a00000, 0x0000000714c00000|  0%| F|  |TAMS 0x0000000714a00000, 0x0000000714a00000| Untracked 
| 166|0x0000000714c00000, 0x0000000714c00000, 0x0000000714e00000|  0%| F|  |TAMS 0x0000000714c00000, 0x0000000714c00000| Untracked 
| 167|0x0000000714e00000, 0x0000000714e00000, 0x0000000715000000|  0%| F|  |TAMS 0x0000000714e00000, 0x0000000714e00000| Untracked 
| 168|0x0000000715000000, 0x0000000715000000, 0x0000000715200000|  0%| F|  |TAMS 0x0000000715000000, 0x0000000715000000| Untracked 
| 169|0x0000000715200000, 0x0000000715200000, 0x0000000715400000|  0%| F|  |TAMS 0x0000000715200000, 0x0000000715200000| Untracked 
| 170|0x0000000715400000, 0x0000000715400000, 0x0000000715600000|  0%| F|  |TAMS 0x0000000715400000, 0x0000000715400000| Untracked 
| 171|0x0000000715600000, 0x0000000715600000, 0x0000000715800000|  0%| F|  |TAMS 0x0000000715600000, 0x0000000715600000| Untracked 
| 172|0x0000000715800000, 0x0000000715800000, 0x0000000715a00000|  0%| F|  |TAMS 0x0000000715800000, 0x0000000715800000| Untracked 
| 173|0x0000000715a00000, 0x0000000715a00000, 0x0000000715c00000|  0%| F|  |TAMS 0x0000000715a00000, 0x0000000715a00000| Untracked 
| 174|0x0000000715c00000, 0x0000000715c00000, 0x0000000715e00000|  0%| F|  |TAMS 0x0000000715c00000, 0x0000000715c00000| Untracked 
| 175|0x0000000715e00000, 0x0000000715e00000, 0x0000000716000000|  0%| F|  |TAMS 0x0000000715e00000, 0x0000000715e00000| Untracked 
| 176|0x0000000716000000, 0x0000000716000000, 0x0000000716200000|  0%| F|  |TAMS 0x0000000716000000, 0x0000000716000000| Untracked 
| 177|0x0000000716200000, 0x0000000716200000, 0x0000000716400000|  0%| F|  |TAMS 0x0000000716200000, 0x0000000716200000| Untracked 
| 178|0x0000000716400000, 0x0000000716400000, 0x0000000716600000|  0%| F|  |TAMS 0x0000000716400000, 0x0000000716400000| Untracked 
| 179|0x0000000716600000, 0x0000000716600000, 0x0000000716800000|  0%| F|  |TAMS 0x0000000716600000, 0x0000000716600000| Untracked 
| 180|0x0000000716800000, 0x0000000716800000, 0x0000000716a00000|  0%| F|  |TAMS 0x0000000716800000, 0x0000000716800000| Untracked 
| 181|0x0000000716a00000, 0x0000000716a00000, 0x0000000716c00000|  0%| F|  |TAMS 0x0000000716a00000, 0x0000000716a00000| Untracked 
| 182|0x0000000716c00000, 0x0000000716c00000, 0x0000000716e00000|  0%| F|  |TAMS 0x0000000716c00000, 0x0000000716c00000| Untracked 
| 183|0x0000000716e00000, 0x0000000716e00000, 0x0000000717000000|  0%| F|  |TAMS 0x0000000716e00000, 0x0000000716e00000| Untracked 
| 184|0x0000000717000000, 0x0000000717000000, 0x0000000717200000|  0%| F|  |TAMS 0x0000000717000000, 0x0000000717000000| Untracked 
| 185|0x0000000717200000, 0x0000000717200000, 0x0000000717400000|  0%| F|  |TAMS 0x0000000717200000, 0x0000000717200000| Untracked 
| 186|0x0000000717400000, 0x0000000717400000, 0x0000000717600000|  0%| F|  |TAMS 0x0000000717400000, 0x0000000717400000| Untracked 
| 187|0x0000000717600000, 0x0000000717600000, 0x0000000717800000|  0%| F|  |TAMS 0x0000000717600000, 0x0000000717600000| Untracked 
| 188|0x0000000717800000, 0x0000000717800000, 0x0000000717a00000|  0%| F|  |TAMS 0x0000000717800000, 0x0000000717800000| Untracked 
| 189|0x0000000717a00000, 0x0000000717a00000, 0x0000000717c00000|  0%| F|  |TAMS 0x0000000717a00000, 0x0000000717a00000| Untracked 
| 190|0x0000000717c00000, 0x0000000717c00000, 0x0000000717e00000|  0%| F|  |TAMS 0x0000000717c00000, 0x0000000717c00000| Untracked 
| 191|0x0000000717e00000, 0x0000000717e00000, 0x0000000718000000|  0%| F|  |TAMS 0x0000000717e00000, 0x0000000717e00000| Untracked 
| 192|0x0000000718000000, 0x0000000718000000, 0x0000000718200000|  0%| F|  |TAMS 0x0000000718000000, 0x0000000718000000| Untracked 
| 193|0x0000000718200000, 0x0000000718200000, 0x0000000718400000|  0%| F|  |TAMS 0x0000000718200000, 0x0000000718200000| Untracked 
| 194|0x0000000718400000, 0x0000000718400000, 0x0000000718600000|  0%| F|  |TAMS 0x0000000718400000, 0x0000000718400000| Untracked 
| 195|0x0000000718600000, 0x0000000718600000, 0x0000000718800000|  0%| F|  |TAMS 0x0000000718600000, 0x0000000718600000| Untracked 
| 196|0x0000000718800000, 0x0000000718800000, 0x0000000718a00000|  0%| F|  |TAMS 0x0000000718800000, 0x0000000718800000| Untracked 
| 197|0x0000000718a00000, 0x0000000718a00000, 0x0000000718c00000|  0%| F|  |TAMS 0x0000000718a00000, 0x0000000718a00000| Untracked 
| 198|0x0000000718c00000, 0x0000000718c00000, 0x0000000718e00000|  0%| F|  |TAMS 0x0000000718c00000, 0x0000000718c00000| Untracked 
| 199|0x0000000718e00000, 0x0000000718e00000, 0x0000000719000000|  0%| F|  |TAMS 0x0000000718e00000, 0x0000000718e00000| Untracked 
| 200|0x0000000719000000, 0x0000000719000000, 0x0000000719200000|  0%| F|  |TAMS 0x0000000719000000, 0x0000000719000000| Untracked 
| 201|0x0000000719200000, 0x0000000719200000, 0x0000000719400000|  0%| F|  |TAMS 0x0000000719200000, 0x0000000719200000| Untracked 
| 202|0x0000000719400000, 0x0000000719400000, 0x0000000719600000|  0%| F|  |TAMS 0x0000000719400000, 0x0000000719400000| Untracked 
| 203|0x0000000719600000, 0x0000000719600000, 0x0000000719800000|  0%| F|  |TAMS 0x0000000719600000, 0x0000000719600000| Untracked 
| 204|0x0000000719800000, 0x0000000719800000, 0x0000000719a00000|  0%| F|  |TAMS 0x0000000719800000, 0x0000000719800000| Untracked 
| 205|0x0000000719a00000, 0x0000000719a00000, 0x0000000719c00000|  0%| F|  |TAMS 0x0000000719a00000, 0x0000000719a00000| Untracked 
| 206|0x0000000719c00000, 0x0000000719c00000, 0x0000000719e00000|  0%| F|  |TAMS 0x0000000719c00000, 0x0000000719c00000| Untracked 
| 207|0x0000000719e00000, 0x0000000719e00000, 0x000000071a000000|  0%| F|  |TAMS 0x0000000719e00000, 0x0000000719e00000| Untracked 
| 208|0x000000071a000000, 0x000000071a000000, 0x000000071a200000|  0%| F|  |TAMS 0x000000071a000000, 0x000000071a000000| Untracked 
| 209|0x000000071a200000, 0x000000071a200000, 0x000000071a400000|  0%| F|  |TAMS 0x000000071a200000, 0x000000071a200000| Untracked 
| 210|0x000000071a400000, 0x000000071a400000, 0x000000071a600000|  0%| F|  |TAMS 0x000000071a400000, 0x000000071a400000| Untracked 
| 211|0x000000071a600000, 0x000000071a600000, 0x000000071a800000|  0%| F|  |TAMS 0x000000071a600000, 0x000000071a600000| Untracked 
| 212|0x000000071a800000, 0x000000071a800000, 0x000000071aa00000|  0%| F|  |TAMS 0x000000071a800000, 0x000000071a800000| Untracked 
| 213|0x000000071aa00000, 0x000000071aa00000, 0x000000071ac00000|  0%| F|  |TAMS 0x000000071aa00000, 0x000000071aa00000| Untracked 
| 214|0x000000071ac00000, 0x000000071ac00000, 0x000000071ae00000|  0%| F|  |TAMS 0x000000071ac00000, 0x000000071ac00000| Untracked 
| 215|0x000000071ae00000, 0x000000071ae00000, 0x000000071b000000|  0%| F|  |TAMS 0x000000071ae00000, 0x000000071ae00000| Untracked 
| 216|0x000000071b000000, 0x000000071b000000, 0x000000071b200000|  0%| F|  |TAMS 0x000000071b000000, 0x000000071b000000| Untracked 
| 217|0x000000071b200000, 0x000000071b200000, 0x000000071b400000|  0%| F|  |TAMS 0x000000071b200000, 0x000000071b200000| Untracked 
| 218|0x000000071b400000, 0x000000071b400000, 0x000000071b600000|  0%| F|  |TAMS 0x000000071b400000, 0x000000071b400000| Untracked 
| 219|0x000000071b600000, 0x000000071b600000, 0x000000071b800000|  0%| F|  |TAMS 0x000000071b600000, 0x000000071b600000| Untracked 
| 220|0x000000071b800000, 0x000000071b800000, 0x000000071ba00000|  0%| F|  |TAMS 0x000000071b800000, 0x000000071b800000| Untracked 
| 221|0x000000071ba00000, 0x000000071ba00000, 0x000000071bc00000|  0%| F|  |TAMS 0x000000071ba00000, 0x000000071ba00000| Untracked 
| 222|0x000000071bc00000, 0x000000071bc00000, 0x000000071be00000|  0%| F|  |TAMS 0x000000071bc00000, 0x000000071bc00000| Untracked 
| 223|0x000000071be00000, 0x000000071be00000, 0x000000071c000000|  0%| F|  |TAMS 0x000000071be00000, 0x000000071be00000| Untracked 
| 224|0x000000071c000000, 0x000000071c000000, 0x000000071c200000|  0%| F|  |TAMS 0x000000071c000000, 0x000000071c000000| Untracked 
| 225|0x000000071c200000, 0x000000071c200000, 0x000000071c400000|  0%| F|  |TAMS 0x000000071c200000, 0x000000071c200000| Untracked 
| 226|0x000000071c400000, 0x000000071c400000, 0x000000071c600000|  0%| F|  |TAMS 0x000000071c400000, 0x000000071c400000| Untracked 
| 227|0x000000071c600000, 0x000000071c600000, 0x000000071c800000|  0%| F|  |TAMS 0x000000071c600000, 0x000000071c600000| Untracked 
| 228|0x000000071c800000, 0x000000071c800000, 0x000000071ca00000|  0%| F|  |TAMS 0x000000071c800000, 0x000000071c800000| Untracked 
| 229|0x000000071ca00000, 0x000000071ca00000, 0x000000071cc00000|  0%| F|  |TAMS 0x000000071ca00000, 0x000000071ca00000| Untracked 
| 230|0x000000071cc00000, 0x000000071cc00000, 0x000000071ce00000|  0%| F|  |TAMS 0x000000071cc00000, 0x000000071cc00000| Untracked 
| 231|0x000000071ce00000, 0x000000071ce00000, 0x000000071d000000|  0%| F|  |TAMS 0x000000071ce00000, 0x000000071ce00000| Untracked 
| 232|0x000000071d000000, 0x000000071d000000, 0x000000071d200000|  0%| F|  |TAMS 0x000000071d000000, 0x000000071d000000| Untracked 
| 233|0x000000071d200000, 0x000000071d200000, 0x000000071d400000|  0%| F|  |TAMS 0x000000071d200000, 0x000000071d200000| Untracked 
| 234|0x000000071d400000, 0x000000071d400000, 0x000000071d600000|  0%| F|  |TAMS 0x000000071d400000, 0x000000071d400000| Untracked 
| 235|0x000000071d600000, 0x000000071d600000, 0x000000071d800000|  0%| F|  |TAMS 0x000000071d600000, 0x000000071d600000| Untracked 
| 236|0x000000071d800000, 0x000000071d800000, 0x000000071da00000|  0%| F|  |TAMS 0x000000071d800000, 0x000000071d800000| Untracked 
| 237|0x000000071da00000, 0x000000071da00000, 0x000000071dc00000|  0%| F|  |TAMS 0x000000071da00000, 0x000000071da00000| Untracked 
| 238|0x000000071dc00000, 0x000000071dc00000, 0x000000071de00000|  0%| F|  |TAMS 0x000000071dc00000, 0x000000071dc00000| Untracked 
| 239|0x000000071de00000, 0x000000071de00000, 0x000000071e000000|  0%| F|  |TAMS 0x000000071de00000, 0x000000071de00000| Untracked 
| 240|0x000000071e000000, 0x000000071e000000, 0x000000071e200000|  0%| F|  |TAMS 0x000000071e000000, 0x000000071e000000| Untracked 
| 241|0x000000071e200000, 0x000000071e200000, 0x000000071e400000|  0%| F|  |TAMS 0x000000071e200000, 0x000000071e200000| Untracked 
| 242|0x000000071e400000, 0x000000071e400000, 0x000000071e600000|  0%| F|  |TAMS 0x000000071e400000, 0x000000071e400000| Untracked 
| 243|0x000000071e600000, 0x000000071e600000, 0x000000071e800000|  0%| F|  |TAMS 0x000000071e600000, 0x000000071e600000| Untracked 
| 244|0x000000071e800000, 0x000000071e800000, 0x000000071ea00000|  0%| F|  |TAMS 0x000000071e800000, 0x000000071e800000| Untracked 
| 245|0x000000071ea00000, 0x000000071ea00000, 0x000000071ec00000|  0%| F|  |TAMS 0x000000071ea00000, 0x000000071ea00000| Untracked 
| 246|0x000000071ec00000, 0x000000071ec00000, 0x000000071ee00000|  0%| F|  |TAMS 0x000000071ec00000, 0x000000071ec00000| Untracked 
| 247|0x000000071ee00000, 0x000000071ee00000, 0x000000071f000000|  0%| F|  |TAMS 0x000000071ee00000, 0x000000071ee00000| Untracked 
| 248|0x000000071f000000, 0x000000071f000000, 0x000000071f200000|  0%| F|  |TAMS 0x000000071f000000, 0x000000071f000000| Untracked 
| 249|0x000000071f200000, 0x000000071f200000, 0x000000071f400000|  0%| F|  |TAMS 0x000000071f200000, 0x000000071f200000| Untracked 
| 250|0x000000071f400000, 0x000000071f400000, 0x000000071f600000|  0%| F|  |TAMS 0x000000071f400000, 0x000000071f400000| Untracked 
| 251|0x000000071f600000, 0x000000071f600000, 0x000000071f800000|  0%| F|  |TAMS 0x000000071f600000, 0x000000071f600000| Untracked 
| 252|0x000000071f800000, 0x000000071f800000, 0x000000071fa00000|  0%| F|  |TAMS 0x000000071f800000, 0x000000071f800000| Untracked 
| 253|0x000000071fa00000, 0x000000071fa00000, 0x000000071fc00000|  0%| F|  |TAMS 0x000000071fa00000, 0x000000071fa00000| Untracked 
| 254|0x000000071fc00000, 0x000000071fc00000, 0x000000071fe00000|  0%| F|  |TAMS 0x000000071fc00000, 0x000000071fc00000| Untracked 
| 255|0x000000071fe00000, 0x000000071fe00000, 0x0000000720000000|  0%| F|  |TAMS 0x000000071fe00000, 0x000000071fe00000| Untracked 
| 256|0x0000000720000000, 0x0000000720000000, 0x0000000720200000|  0%| F|  |TAMS 0x0000000720000000, 0x0000000720000000| Untracked 
| 257|0x0000000720200000, 0x0000000720200000, 0x0000000720400000|  0%| F|  |TAMS 0x0000000720200000, 0x0000000720200000| Untracked 
| 258|0x0000000720400000, 0x0000000720400000, 0x0000000720600000|  0%| F|  |TAMS 0x0000000720400000, 0x0000000720400000| Untracked 
| 259|0x0000000720600000, 0x0000000720600000, 0x0000000720800000|  0%| F|  |TAMS 0x0000000720600000, 0x0000000720600000| Untracked 
| 260|0x0000000720800000, 0x0000000720800000, 0x0000000720a00000|  0%| F|  |TAMS 0x0000000720800000, 0x0000000720800000| Untracked 
| 261|0x0000000720a00000, 0x0000000720a00000, 0x0000000720c00000|  0%| F|  |TAMS 0x0000000720a00000, 0x0000000720a00000| Untracked 
| 262|0x0000000720c00000, 0x0000000720c00000, 0x0000000720e00000|  0%| F|  |TAMS 0x0000000720c00000, 0x0000000720c00000| Untracked 
| 263|0x0000000720e00000, 0x0000000720e00000, 0x0000000721000000|  0%| F|  |TAMS 0x0000000720e00000, 0x0000000720e00000| Untracked 
| 264|0x0000000721000000, 0x0000000721000000, 0x0000000721200000|  0%| F|  |TAMS 0x0000000721000000, 0x0000000721000000| Untracked 
| 265|0x0000000721200000, 0x0000000721200000, 0x0000000721400000|  0%| F|  |TAMS 0x0000000721200000, 0x0000000721200000| Untracked 
| 266|0x0000000721400000, 0x0000000721400000, 0x0000000721600000|  0%| F|  |TAMS 0x0000000721400000, 0x0000000721400000| Untracked 
| 267|0x0000000721600000, 0x0000000721600000, 0x0000000721800000|  0%| F|  |TAMS 0x0000000721600000, 0x0000000721600000| Untracked 
| 268|0x0000000721800000, 0x0000000721800000, 0x0000000721a00000|  0%| F|  |TAMS 0x0000000721800000, 0x0000000721800000| Untracked 
| 269|0x0000000721a00000, 0x0000000721a00000, 0x0000000721c00000|  0%| F|  |TAMS 0x0000000721a00000, 0x0000000721a00000| Untracked 
| 270|0x0000000721c00000, 0x0000000721c00000, 0x0000000721e00000|  0%| F|  |TAMS 0x0000000721c00000, 0x0000000721c00000| Untracked 
| 271|0x0000000721e00000, 0x0000000721e00000, 0x0000000722000000|  0%| F|  |TAMS 0x0000000721e00000, 0x0000000721e00000| Untracked 
| 272|0x0000000722000000, 0x0000000722000000, 0x0000000722200000|  0%| F|  |TAMS 0x0000000722000000, 0x0000000722000000| Untracked 
| 273|0x0000000722200000, 0x0000000722200000, 0x0000000722400000|  0%| F|  |TAMS 0x0000000722200000, 0x0000000722200000| Untracked 
| 274|0x0000000722400000, 0x0000000722400000, 0x0000000722600000|  0%| F|  |TAMS 0x0000000722400000, 0x0000000722400000| Untracked 
| 275|0x0000000722600000, 0x0000000722600000, 0x0000000722800000|  0%| F|  |TAMS 0x0000000722600000, 0x0000000722600000| Untracked 
| 276|0x0000000722800000, 0x0000000722800000, 0x0000000722a00000|  0%| F|  |TAMS 0x0000000722800000, 0x0000000722800000| Untracked 
| 277|0x0000000722a00000, 0x0000000722a00000, 0x0000000722c00000|  0%| F|  |TAMS 0x0000000722a00000, 0x0000000722a00000| Untracked 
| 278|0x0000000722c00000, 0x0000000722c00000, 0x0000000722e00000|  0%| F|  |TAMS 0x0000000722c00000, 0x0000000722c00000| Untracked 
| 279|0x0000000722e00000, 0x0000000722e00000, 0x0000000723000000|  0%| F|  |TAMS 0x0000000722e00000, 0x0000000722e00000| Untracked 
| 280|0x0000000723000000, 0x0000000723000000, 0x0000000723200000|  0%| F|  |TAMS 0x0000000723000000, 0x0000000723000000| Untracked 
| 281|0x0000000723200000, 0x0000000723200000, 0x0000000723400000|  0%| F|  |TAMS 0x0000000723200000, 0x0000000723200000| Untracked 
| 282|0x0000000723400000, 0x0000000723400000, 0x0000000723600000|  0%| F|  |TAMS 0x0000000723400000, 0x0000000723400000| Untracked 
| 283|0x0000000723600000, 0x0000000723600000, 0x0000000723800000|  0%| F|  |TAMS 0x0000000723600000, 0x0000000723600000| Untracked 
| 284|0x0000000723800000, 0x0000000723800000, 0x0000000723a00000|  0%| F|  |TAMS 0x0000000723800000, 0x0000000723800000| Untracked 
| 285|0x0000000723a00000, 0x0000000723a00000, 0x0000000723c00000|  0%| F|  |TAMS 0x0000000723a00000, 0x0000000723a00000| Untracked 
| 286|0x0000000723c00000, 0x0000000723c00000, 0x0000000723e00000|  0%| F|  |TAMS 0x0000000723c00000, 0x0000000723c00000| Untracked 
| 287|0x0000000723e00000, 0x0000000723e00000, 0x0000000724000000|  0%| F|  |TAMS 0x0000000723e00000, 0x0000000723e00000| Untracked 
| 288|0x0000000724000000, 0x0000000724000000, 0x0000000724200000|  0%| F|  |TAMS 0x0000000724000000, 0x0000000724000000| Untracked 
| 289|0x0000000724200000, 0x0000000724200000, 0x0000000724400000|  0%| F|  |TAMS 0x0000000724200000, 0x0000000724200000| Untracked 
| 290|0x0000000724400000, 0x0000000724400000, 0x0000000724600000|  0%| F|  |TAMS 0x0000000724400000, 0x0000000724400000| Untracked 
| 291|0x0000000724600000, 0x0000000724600000, 0x0000000724800000|  0%| F|  |TAMS 0x0000000724600000, 0x0000000724600000| Untracked 
| 292|0x0000000724800000, 0x0000000724800000, 0x0000000724a00000|  0%| F|  |TAMS 0x0000000724800000, 0x0000000724800000| Untracked 
| 293|0x0000000724a00000, 0x0000000724a00000, 0x0000000724c00000|  0%| F|  |TAMS 0x0000000724a00000, 0x0000000724a00000| Untracked 
| 294|0x0000000724c00000, 0x0000000724c00000, 0x0000000724e00000|  0%| F|  |TAMS 0x0000000724c00000, 0x0000000724c00000| Untracked 
| 295|0x0000000724e00000, 0x0000000724e00000, 0x0000000725000000|  0%| F|  |TAMS 0x0000000724e00000, 0x0000000724e00000| Untracked 
| 296|0x0000000725000000, 0x0000000725000000, 0x0000000725200000|  0%| F|  |TAMS 0x0000000725000000, 0x0000000725000000| Untracked 
| 297|0x0000000725200000, 0x0000000725200000, 0x0000000725400000|  0%| F|  |TAMS 0x0000000725200000, 0x0000000725200000| Untracked 
| 298|0x0000000725400000, 0x0000000725400000, 0x0000000725600000|  0%| F|  |TAMS 0x0000000725400000, 0x0000000725400000| Untracked 
| 299|0x0000000725600000, 0x0000000725600000, 0x0000000725800000|  0%| F|  |TAMS 0x0000000725600000, 0x0000000725600000| Untracked 
| 300|0x0000000725800000, 0x0000000725800000, 0x0000000725a00000|  0%| F|  |TAMS 0x0000000725800000, 0x0000000725800000| Untracked 
| 301|0x0000000725a00000, 0x0000000725a00000, 0x0000000725c00000|  0%| F|  |TAMS 0x0000000725a00000, 0x0000000725a00000| Untracked 
| 302|0x0000000725c00000, 0x0000000725c00000, 0x0000000725e00000|  0%| F|  |TAMS 0x0000000725c00000, 0x0000000725c00000| Untracked 
| 303|0x0000000725e00000, 0x0000000725e00000, 0x0000000726000000|  0%| F|  |TAMS 0x0000000725e00000, 0x0000000725e00000| Untracked 
| 304|0x0000000726000000, 0x0000000726000000, 0x0000000726200000|  0%| F|  |TAMS 0x0000000726000000, 0x0000000726000000| Untracked 
| 305|0x0000000726200000, 0x0000000726200000, 0x0000000726400000|  0%| F|  |TAMS 0x0000000726200000, 0x0000000726200000| Untracked 
| 306|0x0000000726400000, 0x0000000726400000, 0x0000000726600000|  0%| F|  |TAMS 0x0000000726400000, 0x0000000726400000| Untracked 
| 307|0x0000000726600000, 0x0000000726600000, 0x0000000726800000|  0%| F|  |TAMS 0x0000000726600000, 0x0000000726600000| Untracked 
| 308|0x0000000726800000, 0x0000000726800000, 0x0000000726a00000|  0%| F|  |TAMS 0x0000000726800000, 0x0000000726800000| Untracked 
| 309|0x0000000726a00000, 0x0000000726a00000, 0x0000000726c00000|  0%| F|  |TAMS 0x0000000726a00000, 0x0000000726a00000| Untracked 
| 310|0x0000000726c00000, 0x0000000726c00000, 0x0000000726e00000|  0%| F|  |TAMS 0x0000000726c00000, 0x0000000726c00000| Untracked 
| 311|0x0000000726e00000, 0x0000000726e00000, 0x0000000727000000|  0%| F|  |TAMS 0x0000000726e00000, 0x0000000726e00000| Untracked 
| 312|0x0000000727000000, 0x0000000727000000, 0x0000000727200000|  0%| F|  |TAMS 0x0000000727000000, 0x0000000727000000| Untracked 
| 313|0x0000000727200000, 0x0000000727200000, 0x0000000727400000|  0%| F|  |TAMS 0x0000000727200000, 0x0000000727200000| Untracked 
| 314|0x0000000727400000, 0x0000000727400000, 0x0000000727600000|  0%| F|  |TAMS 0x0000000727400000, 0x0000000727400000| Untracked 
| 315|0x0000000727600000, 0x0000000727600000, 0x0000000727800000|  0%| F|  |TAMS 0x0000000727600000, 0x0000000727600000| Untracked 
| 316|0x0000000727800000, 0x0000000727800000, 0x0000000727a00000|  0%| F|  |TAMS 0x0000000727800000, 0x0000000727800000| Untracked 
| 317|0x0000000727a00000, 0x0000000727a00000, 0x0000000727c00000|  0%| F|  |TAMS 0x0000000727a00000, 0x0000000727a00000| Untracked 
| 318|0x0000000727c00000, 0x0000000727c00000, 0x0000000727e00000|  0%| F|  |TAMS 0x0000000727c00000, 0x0000000727c00000| Untracked 
| 319|0x0000000727e00000, 0x0000000727e00000, 0x0000000728000000|  0%| F|  |TAMS 0x0000000727e00000, 0x0000000727e00000| Untracked 
| 320|0x0000000728000000, 0x0000000728000000, 0x0000000728200000|  0%| F|  |TAMS 0x0000000728000000, 0x0000000728000000| Untracked 
| 321|0x0000000728200000, 0x0000000728200000, 0x0000000728400000|  0%| F|  |TAMS 0x0000000728200000, 0x0000000728200000| Untracked 
| 322|0x0000000728400000, 0x0000000728400000, 0x0000000728600000|  0%| F|  |TAMS 0x0000000728400000, 0x0000000728400000| Untracked 
| 323|0x0000000728600000, 0x0000000728600000, 0x0000000728800000|  0%| F|  |TAMS 0x0000000728600000, 0x0000000728600000| Untracked 
| 324|0x0000000728800000, 0x0000000728800000, 0x0000000728a00000|  0%| F|  |TAMS 0x0000000728800000, 0x0000000728800000| Untracked 
| 325|0x0000000728a00000, 0x0000000728a00000, 0x0000000728c00000|  0%| F|  |TAMS 0x0000000728a00000, 0x0000000728a00000| Untracked 
| 326|0x0000000728c00000, 0x0000000728c00000, 0x0000000728e00000|  0%| F|  |TAMS 0x0000000728c00000, 0x0000000728c00000| Untracked 
| 327|0x0000000728e00000, 0x0000000728e00000, 0x0000000729000000|  0%| F|  |TAMS 0x0000000728e00000, 0x0000000728e00000| Untracked 
| 328|0x0000000729000000, 0x0000000729000000, 0x0000000729200000|  0%| F|  |TAMS 0x0000000729000000, 0x0000000729000000| Untracked 
| 329|0x0000000729200000, 0x0000000729200000, 0x0000000729400000|  0%| F|  |TAMS 0x0000000729200000, 0x0000000729200000| Untracked 
| 330|0x0000000729400000, 0x0000000729400000, 0x0000000729600000|  0%| F|  |TAMS 0x0000000729400000, 0x0000000729400000| Untracked 
| 331|0x0000000729600000, 0x0000000729600000, 0x0000000729800000|  0%| F|  |TAMS 0x0000000729600000, 0x0000000729600000| Untracked 
| 332|0x0000000729800000, 0x0000000729800000, 0x0000000729a00000|  0%| F|  |TAMS 0x0000000729800000, 0x0000000729800000| Untracked 
| 333|0x0000000729a00000, 0x0000000729a00000, 0x0000000729c00000|  0%| F|  |TAMS 0x0000000729a00000, 0x0000000729a00000| Untracked 
| 334|0x0000000729c00000, 0x0000000729c00000, 0x0000000729e00000|  0%| F|  |TAMS 0x0000000729c00000, 0x0000000729c00000| Untracked 
| 335|0x0000000729e00000, 0x0000000729e00000, 0x000000072a000000|  0%| F|  |TAMS 0x0000000729e00000, 0x0000000729e00000| Untracked 
| 336|0x000000072a000000, 0x000000072a000000, 0x000000072a200000|  0%| F|  |TAMS 0x000000072a000000, 0x000000072a000000| Untracked 
| 337|0x000000072a200000, 0x000000072a200000, 0x000000072a400000|  0%| F|  |TAMS 0x000000072a200000, 0x000000072a200000| Untracked 
| 338|0x000000072a400000, 0x000000072a400000, 0x000000072a600000|  0%| F|  |TAMS 0x000000072a400000, 0x000000072a400000| Untracked 
| 339|0x000000072a600000, 0x000000072a600000, 0x000000072a800000|  0%| F|  |TAMS 0x000000072a600000, 0x000000072a600000| Untracked 
| 340|0x000000072a800000, 0x000000072a800000, 0x000000072aa00000|  0%| F|  |TAMS 0x000000072a800000, 0x000000072a800000| Untracked 
| 341|0x000000072aa00000, 0x000000072aa00000, 0x000000072ac00000|  0%| F|  |TAMS 0x000000072aa00000, 0x000000072aa00000| Untracked 
| 342|0x000000072ac00000, 0x000000072ac00000, 0x000000072ae00000|  0%| F|  |TAMS 0x000000072ac00000, 0x000000072ac00000| Untracked 
| 343|0x000000072ae00000, 0x000000072ae00000, 0x000000072b000000|  0%| F|  |TAMS 0x000000072ae00000, 0x000000072ae00000| Untracked 
| 344|0x000000072b000000, 0x000000072b000000, 0x000000072b200000|  0%| F|  |TAMS 0x000000072b000000, 0x000000072b000000| Untracked 
| 345|0x000000072b200000, 0x000000072b200000, 0x000000072b400000|  0%| F|  |TAMS 0x000000072b200000, 0x000000072b200000| Untracked 
| 346|0x000000072b400000, 0x000000072b400000, 0x000000072b600000|  0%| F|  |TAMS 0x000000072b400000, 0x000000072b400000| Untracked 
| 347|0x000000072b600000, 0x000000072b600000, 0x000000072b800000|  0%| F|  |TAMS 0x000000072b600000, 0x000000072b600000| Untracked 
| 348|0x000000072b800000, 0x000000072b800000, 0x000000072ba00000|  0%| F|  |TAMS 0x000000072b800000, 0x000000072b800000| Untracked 
| 349|0x000000072ba00000, 0x000000072ba00000, 0x000000072bc00000|  0%| F|  |TAMS 0x000000072ba00000, 0x000000072ba00000| Untracked 
| 350|0x000000072bc00000, 0x000000072bc00000, 0x000000072be00000|  0%| F|  |TAMS 0x000000072bc00000, 0x000000072bc00000| Untracked 
| 351|0x000000072be00000, 0x000000072be00000, 0x000000072c000000|  0%| F|  |TAMS 0x000000072be00000, 0x000000072be00000| Untracked 
| 352|0x000000072c000000, 0x000000072c000000, 0x000000072c200000|  0%| F|  |TAMS 0x000000072c000000, 0x000000072c000000| Untracked 
| 353|0x000000072c200000, 0x000000072c200000, 0x000000072c400000|  0%| F|  |TAMS 0x000000072c200000, 0x000000072c200000| Untracked 
| 354|0x000000072c400000, 0x000000072c400000, 0x000000072c600000|  0%| F|  |TAMS 0x000000072c400000, 0x000000072c400000| Untracked 
| 355|0x000000072c600000, 0x000000072c600000, 0x000000072c800000|  0%| F|  |TAMS 0x000000072c600000, 0x000000072c600000| Untracked 
| 356|0x000000072c800000, 0x000000072c800000, 0x000000072ca00000|  0%| F|  |TAMS 0x000000072c800000, 0x000000072c800000| Untracked 
| 357|0x000000072ca00000, 0x000000072ca00000, 0x000000072cc00000|  0%| F|  |TAMS 0x000000072ca00000, 0x000000072ca00000| Untracked 
| 358|0x000000072cc00000, 0x000000072cc00000, 0x000000072ce00000|  0%| F|  |TAMS 0x000000072cc00000, 0x000000072cc00000| Untracked 
| 359|0x000000072ce00000, 0x000000072ce00000, 0x000000072d000000|  0%| F|  |TAMS 0x000000072ce00000, 0x000000072ce00000| Untracked 
| 360|0x000000072d000000, 0x000000072d000000, 0x000000072d200000|  0%| F|  |TAMS 0x000000072d000000, 0x000000072d000000| Untracked 
| 361|0x000000072d200000, 0x000000072d200000, 0x000000072d400000|  0%| F|  |TAMS 0x000000072d200000, 0x000000072d200000| Untracked 
| 362|0x000000072d400000, 0x000000072d400000, 0x000000072d600000|  0%| F|  |TAMS 0x000000072d400000, 0x000000072d400000| Untracked 
| 363|0x000000072d600000, 0x000000072d600000, 0x000000072d800000|  0%| F|  |TAMS 0x000000072d600000, 0x000000072d600000| Untracked 
| 364|0x000000072d800000, 0x000000072d800000, 0x000000072da00000|  0%| F|  |TAMS 0x000000072d800000, 0x000000072d800000| Untracked 
| 365|0x000000072da00000, 0x000000072da00000, 0x000000072dc00000|  0%| F|  |TAMS 0x000000072da00000, 0x000000072da00000| Untracked 
| 366|0x000000072dc00000, 0x000000072dc00000, 0x000000072de00000|  0%| F|  |TAMS 0x000000072dc00000, 0x000000072dc00000| Untracked 
| 367|0x000000072de00000, 0x000000072de00000, 0x000000072e000000|  0%| F|  |TAMS 0x000000072de00000, 0x000000072de00000| Untracked 
| 368|0x000000072e000000, 0x000000072e000000, 0x000000072e200000|  0%| F|  |TAMS 0x000000072e000000, 0x000000072e000000| Untracked 
| 369|0x000000072e200000, 0x000000072e200000, 0x000000072e400000|  0%| F|  |TAMS 0x000000072e200000, 0x000000072e200000| Untracked 
| 370|0x000000072e400000, 0x000000072e400000, 0x000000072e600000|  0%| F|  |TAMS 0x000000072e400000, 0x000000072e400000| Untracked 
| 371|0x000000072e600000, 0x000000072e600000, 0x000000072e800000|  0%| F|  |TAMS 0x000000072e600000, 0x000000072e600000| Untracked 
| 372|0x000000072e800000, 0x000000072e800000, 0x000000072ea00000|  0%| F|  |TAMS 0x000000072e800000, 0x000000072e800000| Untracked 
| 373|0x000000072ea00000, 0x000000072ea00000, 0x000000072ec00000|  0%| F|  |TAMS 0x000000072ea00000, 0x000000072ea00000| Untracked 
| 374|0x000000072ec00000, 0x000000072ec00000, 0x000000072ee00000|  0%| F|  |TAMS 0x000000072ec00000, 0x000000072ec00000| Untracked 
| 375|0x000000072ee00000, 0x000000072ee00000, 0x000000072f000000|  0%| F|  |TAMS 0x000000072ee00000, 0x000000072ee00000| Untracked 
| 376|0x000000072f000000, 0x000000072f000000, 0x000000072f200000|  0%| F|  |TAMS 0x000000072f000000, 0x000000072f000000| Untracked 
| 377|0x000000072f200000, 0x000000072f200000, 0x000000072f400000|  0%| F|  |TAMS 0x000000072f200000, 0x000000072f200000| Untracked 
| 378|0x000000072f400000, 0x000000072f400000, 0x000000072f600000|  0%| F|  |TAMS 0x000000072f400000, 0x000000072f400000| Untracked 
| 379|0x000000072f600000, 0x000000072f600000, 0x000000072f800000|  0%| F|  |TAMS 0x000000072f600000, 0x000000072f600000| Untracked 
| 380|0x000000072f800000, 0x000000072f800000, 0x000000072fa00000|  0%| F|  |TAMS 0x000000072f800000, 0x000000072f800000| Untracked 
| 381|0x000000072fa00000, 0x000000072fb006c8, 0x000000072fc00000| 50%| S|CS|TAMS 0x000000072fa00000, 0x000000072fa00000| Complete 
| 382|0x000000072fc00000, 0x000000072fe00000, 0x000000072fe00000|100%| S|CS|TAMS 0x000000072fc00000, 0x000000072fc00000| Complete 
| 383|0x000000072fe00000, 0x0000000730000000, 0x0000000730000000|100%| S|CS|TAMS 0x000000072fe00000, 0x000000072fe00000| Complete 
| 384|0x0000000730000000, 0x0000000730200000, 0x0000000730200000|100%| S|CS|TAMS 0x0000000730000000, 0x0000000730000000| Complete 
| 385|0x0000000730200000, 0x0000000730200000, 0x0000000730400000|  0%| F|  |TAMS 0x0000000730200000, 0x0000000730200000| Untracked 
| 386|0x0000000730400000, 0x0000000730400000, 0x0000000730600000|  0%| F|  |TAMS 0x0000000730400000, 0x0000000730400000| Untracked 
| 387|0x0000000730600000, 0x0000000730600000, 0x0000000730800000|  0%| F|  |TAMS 0x0000000730600000, 0x0000000730600000| Untracked 
| 388|0x0000000730800000, 0x0000000730800000, 0x0000000730a00000|  0%| F|  |TAMS 0x0000000730800000, 0x0000000730800000| Untracked 
| 389|0x0000000730a00000, 0x0000000730a00000, 0x0000000730c00000|  0%| F|  |TAMS 0x0000000730a00000, 0x0000000730a00000| Untracked 
| 390|0x0000000730c00000, 0x0000000730c00000, 0x0000000730e00000|  0%| F|  |TAMS 0x0000000730c00000, 0x0000000730c00000| Untracked 
| 391|0x0000000730e00000, 0x0000000730e00000, 0x0000000731000000|  0%| F|  |TAMS 0x0000000730e00000, 0x0000000730e00000| Untracked 
| 392|0x0000000731000000, 0x0000000731000000, 0x0000000731200000|  0%| F|  |TAMS 0x0000000731000000, 0x0000000731000000| Untracked 
| 393|0x0000000731200000, 0x0000000731200000, 0x0000000731400000|  0%| F|  |TAMS 0x0000000731200000, 0x0000000731200000| Untracked 
| 394|0x0000000731400000, 0x0000000731400000, 0x0000000731600000|  0%| F|  |TAMS 0x0000000731400000, 0x0000000731400000| Untracked 
| 395|0x0000000731600000, 0x0000000731600000, 0x0000000731800000|  0%| F|  |TAMS 0x0000000731600000, 0x0000000731600000| Untracked 
| 396|0x0000000731800000, 0x0000000731800000, 0x0000000731a00000|  0%| F|  |TAMS 0x0000000731800000, 0x0000000731800000| Untracked 
| 397|0x0000000731a00000, 0x0000000731a00000, 0x0000000731c00000|  0%| F|  |TAMS 0x0000000731a00000, 0x0000000731a00000| Untracked 
| 398|0x0000000731c00000, 0x0000000731c00000, 0x0000000731e00000|  0%| F|  |TAMS 0x0000000731c00000, 0x0000000731c00000| Untracked 
| 399|0x0000000731e00000, 0x0000000731e00000, 0x0000000732000000|  0%| F|  |TAMS 0x0000000731e00000, 0x0000000731e00000| Untracked 
| 400|0x0000000732000000, 0x0000000732000000, 0x0000000732200000|  0%| F|  |TAMS 0x0000000732000000, 0x0000000732000000| Untracked 
| 401|0x0000000732200000, 0x0000000732200000, 0x0000000732400000|  0%| F|  |TAMS 0x0000000732200000, 0x0000000732200000| Untracked 
| 402|0x0000000732400000, 0x0000000732400000, 0x0000000732600000|  0%| F|  |TAMS 0x0000000732400000, 0x0000000732400000| Untracked 
| 403|0x0000000732600000, 0x0000000732600000, 0x0000000732800000|  0%| F|  |TAMS 0x0000000732600000, 0x0000000732600000| Untracked 
| 404|0x0000000732800000, 0x0000000732800000, 0x0000000732a00000|  0%| F|  |TAMS 0x0000000732800000, 0x0000000732800000| Untracked 
| 405|0x0000000732a00000, 0x0000000732a00000, 0x0000000732c00000|  0%| F|  |TAMS 0x0000000732a00000, 0x0000000732a00000| Untracked 
| 406|0x0000000732c00000, 0x0000000732c00000, 0x0000000732e00000|  0%| F|  |TAMS 0x0000000732c00000, 0x0000000732c00000| Untracked 
| 407|0x0000000732e00000, 0x0000000732e00000, 0x0000000733000000|  0%| F|  |TAMS 0x0000000732e00000, 0x0000000732e00000| Untracked 
| 408|0x0000000733000000, 0x0000000733000000, 0x0000000733200000|  0%| F|  |TAMS 0x0000000733000000, 0x0000000733000000| Untracked 
| 409|0x0000000733200000, 0x0000000733200000, 0x0000000733400000|  0%| F|  |TAMS 0x0000000733200000, 0x0000000733200000| Untracked 
| 410|0x0000000733400000, 0x0000000733400000, 0x0000000733600000|  0%| F|  |TAMS 0x0000000733400000, 0x0000000733400000| Untracked 
| 411|0x0000000733600000, 0x0000000733600000, 0x0000000733800000|  0%| F|  |TAMS 0x0000000733600000, 0x0000000733600000| Untracked 
| 412|0x0000000733800000, 0x0000000733800000, 0x0000000733a00000|  0%| F|  |TAMS 0x0000000733800000, 0x0000000733800000| Untracked 
| 413|0x0000000733a00000, 0x0000000733a00000, 0x0000000733c00000|  0%| F|  |TAMS 0x0000000733a00000, 0x0000000733a00000| Untracked 
| 414|0x0000000733c00000, 0x0000000733c00000, 0x0000000733e00000|  0%| F|  |TAMS 0x0000000733c00000, 0x0000000733c00000| Untracked 
| 415|0x0000000733e00000, 0x0000000733e00000, 0x0000000734000000|  0%| F|  |TAMS 0x0000000733e00000, 0x0000000733e00000| Untracked 
| 416|0x0000000734000000, 0x0000000734000000, 0x0000000734200000|  0%| F|  |TAMS 0x0000000734000000, 0x0000000734000000| Untracked 
| 417|0x0000000734200000, 0x0000000734200000, 0x0000000734400000|  0%| F|  |TAMS 0x0000000734200000, 0x0000000734200000| Untracked 
| 418|0x0000000734400000, 0x0000000734400000, 0x0000000734600000|  0%| F|  |TAMS 0x0000000734400000, 0x0000000734400000| Untracked 
| 419|0x0000000734600000, 0x0000000734600000, 0x0000000734800000|  0%| F|  |TAMS 0x0000000734600000, 0x0000000734600000| Untracked 
| 420|0x0000000734800000, 0x0000000734800000, 0x0000000734a00000|  0%| F|  |TAMS 0x0000000734800000, 0x0000000734800000| Untracked 
| 421|0x0000000734a00000, 0x0000000734a00000, 0x0000000734c00000|  0%| F|  |TAMS 0x0000000734a00000, 0x0000000734a00000| Untracked 
| 422|0x0000000734c00000, 0x0000000734c00000, 0x0000000734e00000|  0%| F|  |TAMS 0x0000000734c00000, 0x0000000734c00000| Untracked 
| 423|0x0000000734e00000, 0x0000000734e00000, 0x0000000735000000|  0%| F|  |TAMS 0x0000000734e00000, 0x0000000734e00000| Untracked 
| 424|0x0000000735000000, 0x0000000735000000, 0x0000000735200000|  0%| F|  |TAMS 0x0000000735000000, 0x0000000735000000| Untracked 
| 425|0x0000000735200000, 0x0000000735200000, 0x0000000735400000|  0%| F|  |TAMS 0x0000000735200000, 0x0000000735200000| Untracked 
| 426|0x0000000735400000, 0x0000000735400000, 0x0000000735600000|  0%| F|  |TAMS 0x0000000735400000, 0x0000000735400000| Untracked 
| 427|0x0000000735600000, 0x0000000735600000, 0x0000000735800000|  0%| F|  |TAMS 0x0000000735600000, 0x0000000735600000| Untracked 
| 428|0x0000000735800000, 0x0000000735800000, 0x0000000735a00000|  0%| F|  |TAMS 0x0000000735800000, 0x0000000735800000| Untracked 
| 429|0x0000000735a00000, 0x0000000735a00000, 0x0000000735c00000|  0%| F|  |TAMS 0x0000000735a00000, 0x0000000735a00000| Untracked 
| 430|0x0000000735c00000, 0x0000000735c00000, 0x0000000735e00000|  0%| F|  |TAMS 0x0000000735c00000, 0x0000000735c00000| Untracked 
| 431|0x0000000735e00000, 0x0000000735e00000, 0x0000000736000000|  0%| F|  |TAMS 0x0000000735e00000, 0x0000000735e00000| Untracked 
| 432|0x0000000736000000, 0x0000000736000000, 0x0000000736200000|  0%| F|  |TAMS 0x0000000736000000, 0x0000000736000000| Untracked 
| 433|0x0000000736200000, 0x0000000736200000, 0x0000000736400000|  0%| F|  |TAMS 0x0000000736200000, 0x0000000736200000| Untracked 
| 434|0x0000000736400000, 0x0000000736400000, 0x0000000736600000|  0%| F|  |TAMS 0x0000000736400000, 0x0000000736400000| Untracked 
| 435|0x0000000736600000, 0x0000000736600000, 0x0000000736800000|  0%| F|  |TAMS 0x0000000736600000, 0x0000000736600000| Untracked 
| 436|0x0000000736800000, 0x0000000736800000, 0x0000000736a00000|  0%| F|  |TAMS 0x0000000736800000, 0x0000000736800000| Untracked 
| 437|0x0000000736a00000, 0x0000000736a00000, 0x0000000736c00000|  0%| F|  |TAMS 0x0000000736a00000, 0x0000000736a00000| Untracked 
| 438|0x0000000736c00000, 0x0000000736c00000, 0x0000000736e00000|  0%| F|  |TAMS 0x0000000736c00000, 0x0000000736c00000| Untracked 
| 439|0x0000000736e00000, 0x0000000736e00000, 0x0000000737000000|  0%| F|  |TAMS 0x0000000736e00000, 0x0000000736e00000| Untracked 
| 440|0x0000000737000000, 0x0000000737000000, 0x0000000737200000|  0%| F|  |TAMS 0x0000000737000000, 0x0000000737000000| Untracked 
| 441|0x0000000737200000, 0x0000000737200000, 0x0000000737400000|  0%| F|  |TAMS 0x0000000737200000, 0x0000000737200000| Untracked 
| 442|0x0000000737400000, 0x0000000737400000, 0x0000000737600000|  0%| F|  |TAMS 0x0000000737400000, 0x0000000737400000| Untracked 
| 443|0x0000000737600000, 0x0000000737600000, 0x0000000737800000|  0%| F|  |TAMS 0x0000000737600000, 0x0000000737600000| Untracked 
| 444|0x0000000737800000, 0x0000000737800000, 0x0000000737a00000|  0%| F|  |TAMS 0x0000000737800000, 0x0000000737800000| Untracked 
| 445|0x0000000737a00000, 0x0000000737a00000, 0x0000000737c00000|  0%| F|  |TAMS 0x0000000737a00000, 0x0000000737a00000| Untracked 
| 446|0x0000000737c00000, 0x0000000737c00000, 0x0000000737e00000|  0%| F|  |TAMS 0x0000000737c00000, 0x0000000737c00000| Untracked 
| 447|0x0000000737e00000, 0x0000000737e00000, 0x0000000738000000|  0%| F|  |TAMS 0x0000000737e00000, 0x0000000737e00000| Untracked 
| 448|0x0000000738000000, 0x0000000738000000, 0x0000000738200000|  0%| F|  |TAMS 0x0000000738000000, 0x0000000738000000| Untracked 
| 449|0x0000000738200000, 0x0000000738200000, 0x0000000738400000|  0%| F|  |TAMS 0x0000000738200000, 0x0000000738200000| Untracked 
| 450|0x0000000738400000, 0x0000000738400000, 0x0000000738600000|  0%| F|  |TAMS 0x0000000738400000, 0x0000000738400000| Untracked 
| 451|0x0000000738600000, 0x0000000738600000, 0x0000000738800000|  0%| F|  |TAMS 0x0000000738600000, 0x0000000738600000| Untracked 
| 452|0x0000000738800000, 0x0000000738800000, 0x0000000738a00000|  0%| F|  |TAMS 0x0000000738800000, 0x0000000738800000| Untracked 
| 453|0x0000000738a00000, 0x0000000738a00000, 0x0000000738c00000|  0%| F|  |TAMS 0x0000000738a00000, 0x0000000738a00000| Untracked 
| 454|0x0000000738c00000, 0x0000000738c00000, 0x0000000738e00000|  0%| F|  |TAMS 0x0000000738c00000, 0x0000000738c00000| Untracked 
| 455|0x0000000738e00000, 0x0000000738e00000, 0x0000000739000000|  0%| F|  |TAMS 0x0000000738e00000, 0x0000000738e00000| Untracked 
| 456|0x0000000739000000, 0x0000000739000000, 0x0000000739200000|  0%| F|  |TAMS 0x0000000739000000, 0x0000000739000000| Untracked 
| 457|0x0000000739200000, 0x0000000739200000, 0x0000000739400000|  0%| F|  |TAMS 0x0000000739200000, 0x0000000739200000| Untracked 
| 458|0x0000000739400000, 0x0000000739400000, 0x0000000739600000|  0%| F|  |TAMS 0x0000000739400000, 0x0000000739400000| Untracked 
| 459|0x0000000739600000, 0x0000000739600000, 0x0000000739800000|  0%| F|  |TAMS 0x0000000739600000, 0x0000000739600000| Untracked 
| 460|0x0000000739800000, 0x0000000739800000, 0x0000000739a00000|  0%| F|  |TAMS 0x0000000739800000, 0x0000000739800000| Untracked 
| 461|0x0000000739a00000, 0x0000000739a00000, 0x0000000739c00000|  0%| F|  |TAMS 0x0000000739a00000, 0x0000000739a00000| Untracked 
| 462|0x0000000739c00000, 0x0000000739c00000, 0x0000000739e00000|  0%| F|  |TAMS 0x0000000739c00000, 0x0000000739c00000| Untracked 
| 463|0x0000000739e00000, 0x0000000739e00000, 0x000000073a000000|  0%| F|  |TAMS 0x0000000739e00000, 0x0000000739e00000| Untracked 
| 464|0x000000073a000000, 0x000000073a000000, 0x000000073a200000|  0%| F|  |TAMS 0x000000073a000000, 0x000000073a000000| Untracked 
| 465|0x000000073a200000, 0x000000073a200000, 0x000000073a400000|  0%| F|  |TAMS 0x000000073a200000, 0x000000073a200000| Untracked 
| 466|0x000000073a400000, 0x000000073a400000, 0x000000073a600000|  0%| F|  |TAMS 0x000000073a400000, 0x000000073a400000| Untracked 
| 467|0x000000073a600000, 0x000000073a600000, 0x000000073a800000|  0%| F|  |TAMS 0x000000073a600000, 0x000000073a600000| Untracked 
| 468|0x000000073a800000, 0x000000073a800000, 0x000000073aa00000|  0%| F|  |TAMS 0x000000073a800000, 0x000000073a800000| Untracked 
| 469|0x000000073aa00000, 0x000000073aa00000, 0x000000073ac00000|  0%| F|  |TAMS 0x000000073aa00000, 0x000000073aa00000| Untracked 
| 470|0x000000073ac00000, 0x000000073ac00000, 0x000000073ae00000|  0%| F|  |TAMS 0x000000073ac00000, 0x000000073ac00000| Untracked 
| 471|0x000000073ae00000, 0x000000073ae00000, 0x000000073b000000|  0%| F|  |TAMS 0x000000073ae00000, 0x000000073ae00000| Untracked 
| 472|0x000000073b000000, 0x000000073b000000, 0x000000073b200000|  0%| F|  |TAMS 0x000000073b000000, 0x000000073b000000| Untracked 
| 473|0x000000073b200000, 0x000000073b200000, 0x000000073b400000|  0%| F|  |TAMS 0x000000073b200000, 0x000000073b200000| Untracked 
| 474|0x000000073b400000, 0x000000073b400000, 0x000000073b600000|  0%| F|  |TAMS 0x000000073b400000, 0x000000073b400000| Untracked 
| 475|0x000000073b600000, 0x000000073b600000, 0x000000073b800000|  0%| F|  |TAMS 0x000000073b600000, 0x000000073b600000| Untracked 
| 476|0x000000073b800000, 0x000000073b800000, 0x000000073ba00000|  0%| F|  |TAMS 0x000000073b800000, 0x000000073b800000| Untracked 
| 477|0x000000073ba00000, 0x000000073ba00000, 0x000000073bc00000|  0%| F|  |TAMS 0x000000073ba00000, 0x000000073ba00000| Untracked 
| 478|0x000000073bc00000, 0x000000073bc00000, 0x000000073be00000|  0%| F|  |TAMS 0x000000073bc00000, 0x000000073bc00000| Untracked 
| 479|0x000000073be00000, 0x000000073be00000, 0x000000073c000000|  0%| F|  |TAMS 0x000000073be00000, 0x000000073be00000| Untracked 
| 480|0x000000073c000000, 0x000000073c000000, 0x000000073c200000|  0%| F|  |TAMS 0x000000073c000000, 0x000000073c000000| Untracked 
| 481|0x000000073c200000, 0x000000073c200000, 0x000000073c400000|  0%| F|  |TAMS 0x000000073c200000, 0x000000073c200000| Untracked 
| 482|0x000000073c400000, 0x000000073c400000, 0x000000073c600000|  0%| F|  |TAMS 0x000000073c400000, 0x000000073c400000| Untracked 
| 483|0x000000073c600000, 0x000000073c600000, 0x000000073c800000|  0%| F|  |TAMS 0x000000073c600000, 0x000000073c600000| Untracked 
| 484|0x000000073c800000, 0x000000073c800000, 0x000000073ca00000|  0%| F|  |TAMS 0x000000073c800000, 0x000000073c800000| Untracked 
| 485|0x000000073ca00000, 0x000000073ca00000, 0x000000073cc00000|  0%| F|  |TAMS 0x000000073ca00000, 0x000000073ca00000| Untracked 
| 486|0x000000073cc00000, 0x000000073cc00000, 0x000000073ce00000|  0%| F|  |TAMS 0x000000073cc00000, 0x000000073cc00000| Untracked 
| 487|0x000000073ce00000, 0x000000073ce00000, 0x000000073d000000|  0%| F|  |TAMS 0x000000073ce00000, 0x000000073ce00000| Untracked 
| 488|0x000000073d000000, 0x000000073d000000, 0x000000073d200000|  0%| F|  |TAMS 0x000000073d000000, 0x000000073d000000| Untracked 
| 489|0x000000073d200000, 0x000000073d200000, 0x000000073d400000|  0%| F|  |TAMS 0x000000073d200000, 0x000000073d200000| Untracked 
| 490|0x000000073d400000, 0x000000073d400000, 0x000000073d600000|  0%| F|  |TAMS 0x000000073d400000, 0x000000073d400000| Untracked 
| 491|0x000000073d600000, 0x000000073d600000, 0x000000073d800000|  0%| F|  |TAMS 0x000000073d600000, 0x000000073d600000| Untracked 
| 492|0x000000073d800000, 0x000000073d800000, 0x000000073da00000|  0%| F|  |TAMS 0x000000073d800000, 0x000000073d800000| Untracked 
| 493|0x000000073da00000, 0x000000073da00000, 0x000000073dc00000|  0%| F|  |TAMS 0x000000073da00000, 0x000000073da00000| Untracked 
| 494|0x000000073dc00000, 0x000000073dc00000, 0x000000073de00000|  0%| F|  |TAMS 0x000000073dc00000, 0x000000073dc00000| Untracked 
| 495|0x000000073de00000, 0x000000073de00000, 0x000000073e000000|  0%| F|  |TAMS 0x000000073de00000, 0x000000073de00000| Untracked 
| 496|0x000000073e000000, 0x000000073e000000, 0x000000073e200000|  0%| F|  |TAMS 0x000000073e000000, 0x000000073e000000| Untracked 
| 497|0x000000073e200000, 0x000000073e200000, 0x000000073e400000|  0%| F|  |TAMS 0x000000073e200000, 0x000000073e200000| Untracked 
| 498|0x000000073e400000, 0x000000073e400000, 0x000000073e600000|  0%| F|  |TAMS 0x000000073e400000, 0x000000073e400000| Untracked 
| 499|0x000000073e600000, 0x000000073e600000, 0x000000073e800000|  0%| F|  |TAMS 0x000000073e600000, 0x000000073e600000| Untracked 
| 500|0x000000073e800000, 0x000000073e800000, 0x000000073ea00000|  0%| F|  |TAMS 0x000000073e800000, 0x000000073e800000| Untracked 
| 501|0x000000073ea00000, 0x000000073ea00000, 0x000000073ec00000|  0%| F|  |TAMS 0x000000073ea00000, 0x000000073ea00000| Untracked 
| 502|0x000000073ec00000, 0x000000073ec00000, 0x000000073ee00000|  0%| F|  |TAMS 0x000000073ec00000, 0x000000073ec00000| Untracked 
| 503|0x000000073ee00000, 0x000000073ee00000, 0x000000073f000000|  0%| F|  |TAMS 0x000000073ee00000, 0x000000073ee00000| Untracked 
| 504|0x000000073f000000, 0x000000073f000000, 0x000000073f200000|  0%| F|  |TAMS 0x000000073f000000, 0x000000073f000000| Untracked 
| 505|0x000000073f200000, 0x000000073f200000, 0x000000073f400000|  0%| F|  |TAMS 0x000000073f200000, 0x000000073f200000| Untracked 
| 506|0x000000073f400000, 0x000000073f400000, 0x000000073f600000|  0%| F|  |TAMS 0x000000073f400000, 0x000000073f400000| Untracked 
| 507|0x000000073f600000, 0x000000073f600000, 0x000000073f800000|  0%| F|  |TAMS 0x000000073f600000, 0x000000073f600000| Untracked 
| 508|0x000000073f800000, 0x000000073f800000, 0x000000073fa00000|  0%| F|  |TAMS 0x000000073f800000, 0x000000073f800000| Untracked 
| 509|0x000000073fa00000, 0x000000073fa00000, 0x000000073fc00000|  0%| F|  |TAMS 0x000000073fa00000, 0x000000073fa00000| Untracked 
| 510|0x000000073fc00000, 0x000000073fc00000, 0x000000073fe00000|  0%| F|  |TAMS 0x000000073fc00000, 0x000000073fc00000| Untracked 
| 511|0x000000073fe00000, 0x000000073fe00000, 0x0000000740000000|  0%| F|  |TAMS 0x000000073fe00000, 0x000000073fe00000| Untracked 
| 512|0x0000000740000000, 0x0000000740000000, 0x0000000740200000|  0%| F|  |TAMS 0x0000000740000000, 0x0000000740000000| Untracked 
| 513|0x0000000740200000, 0x0000000740200000, 0x0000000740400000|  0%| F|  |TAMS 0x0000000740200000, 0x0000000740200000| Untracked 
| 514|0x0000000740400000, 0x0000000740400000, 0x0000000740600000|  0%| F|  |TAMS 0x0000000740400000, 0x0000000740400000| Untracked 
| 515|0x0000000740600000, 0x0000000740600000, 0x0000000740800000|  0%| F|  |TAMS 0x0000000740600000, 0x0000000740600000| Untracked 
| 516|0x0000000740800000, 0x0000000740800000, 0x0000000740a00000|  0%| F|  |TAMS 0x0000000740800000, 0x0000000740800000| Untracked 
| 517|0x0000000740a00000, 0x0000000740a00000, 0x0000000740c00000|  0%| F|  |TAMS 0x0000000740a00000, 0x0000000740a00000| Untracked 
| 518|0x0000000740c00000, 0x0000000740c00000, 0x0000000740e00000|  0%| F|  |TAMS 0x0000000740c00000, 0x0000000740c00000| Untracked 
| 519|0x0000000740e00000, 0x0000000740e00000, 0x0000000741000000|  0%| F|  |TAMS 0x0000000740e00000, 0x0000000740e00000| Untracked 
| 520|0x0000000741000000, 0x0000000741000000, 0x0000000741200000|  0%| F|  |TAMS 0x0000000741000000, 0x0000000741000000| Untracked 
| 521|0x0000000741200000, 0x0000000741200000, 0x0000000741400000|  0%| F|  |TAMS 0x0000000741200000, 0x0000000741200000| Untracked 
| 522|0x0000000741400000, 0x0000000741400000, 0x0000000741600000|  0%| F|  |TAMS 0x0000000741400000, 0x0000000741400000| Untracked 
| 523|0x0000000741600000, 0x0000000741600000, 0x0000000741800000|  0%| F|  |TAMS 0x0000000741600000, 0x0000000741600000| Untracked 
| 524|0x0000000741800000, 0x0000000741800000, 0x0000000741a00000|  0%| F|  |TAMS 0x0000000741800000, 0x0000000741800000| Untracked 
| 525|0x0000000741a00000, 0x0000000741a00000, 0x0000000741c00000|  0%| F|  |TAMS 0x0000000741a00000, 0x0000000741a00000| Untracked 
| 526|0x0000000741c00000, 0x0000000741c00000, 0x0000000741e00000|  0%| F|  |TAMS 0x0000000741c00000, 0x0000000741c00000| Untracked 
| 527|0x0000000741e00000, 0x0000000741e00000, 0x0000000742000000|  0%| F|  |TAMS 0x0000000741e00000, 0x0000000741e00000| Untracked 
| 528|0x0000000742000000, 0x0000000742000000, 0x0000000742200000|  0%| F|  |TAMS 0x0000000742000000, 0x0000000742000000| Untracked 
| 529|0x0000000742200000, 0x0000000742200000, 0x0000000742400000|  0%| F|  |TAMS 0x0000000742200000, 0x0000000742200000| Untracked 
| 530|0x0000000742400000, 0x0000000742400000, 0x0000000742600000|  0%| F|  |TAMS 0x0000000742400000, 0x0000000742400000| Untracked 
| 531|0x0000000742600000, 0x0000000742600000, 0x0000000742800000|  0%| F|  |TAMS 0x0000000742600000, 0x0000000742600000| Untracked 
| 532|0x0000000742800000, 0x0000000742800000, 0x0000000742a00000|  0%| F|  |TAMS 0x0000000742800000, 0x0000000742800000| Untracked 
| 533|0x0000000742a00000, 0x0000000742a00000, 0x0000000742c00000|  0%| F|  |TAMS 0x0000000742a00000, 0x0000000742a00000| Untracked 
| 534|0x0000000742c00000, 0x0000000742c00000, 0x0000000742e00000|  0%| F|  |TAMS 0x0000000742c00000, 0x0000000742c00000| Untracked 
| 535|0x0000000742e00000, 0x0000000742e00000, 0x0000000743000000|  0%| F|  |TAMS 0x0000000742e00000, 0x0000000742e00000| Untracked 
| 536|0x0000000743000000, 0x0000000743000000, 0x0000000743200000|  0%| F|  |TAMS 0x0000000743000000, 0x0000000743000000| Untracked 
| 537|0x0000000743200000, 0x0000000743200000, 0x0000000743400000|  0%| F|  |TAMS 0x0000000743200000, 0x0000000743200000| Untracked 
| 538|0x0000000743400000, 0x0000000743400000, 0x0000000743600000|  0%| F|  |TAMS 0x0000000743400000, 0x0000000743400000| Untracked 
| 539|0x0000000743600000, 0x0000000743600000, 0x0000000743800000|  0%| F|  |TAMS 0x0000000743600000, 0x0000000743600000| Untracked 
| 540|0x0000000743800000, 0x0000000743800000, 0x0000000743a00000|  0%| F|  |TAMS 0x0000000743800000, 0x0000000743800000| Untracked 
| 541|0x0000000743a00000, 0x0000000743a00000, 0x0000000743c00000|  0%| F|  |TAMS 0x0000000743a00000, 0x0000000743a00000| Untracked 
| 542|0x0000000743c00000, 0x0000000743c00000, 0x0000000743e00000|  0%| F|  |TAMS 0x0000000743c00000, 0x0000000743c00000| Untracked 
| 543|0x0000000743e00000, 0x0000000743e00000, 0x0000000744000000|  0%| F|  |TAMS 0x0000000743e00000, 0x0000000743e00000| Untracked 
| 544|0x0000000744000000, 0x0000000744000000, 0x0000000744200000|  0%| F|  |TAMS 0x0000000744000000, 0x0000000744000000| Untracked 
| 545|0x0000000744200000, 0x0000000744200000, 0x0000000744400000|  0%| F|  |TAMS 0x0000000744200000, 0x0000000744200000| Untracked 
| 546|0x0000000744400000, 0x0000000744400000, 0x0000000744600000|  0%| F|  |TAMS 0x0000000744400000, 0x0000000744400000| Untracked 
| 547|0x0000000744600000, 0x0000000744600000, 0x0000000744800000|  0%| F|  |TAMS 0x0000000744600000, 0x0000000744600000| Untracked 
| 548|0x0000000744800000, 0x0000000744800000, 0x0000000744a00000|  0%| F|  |TAMS 0x0000000744800000, 0x0000000744800000| Untracked 
| 549|0x0000000744a00000, 0x0000000744a00000, 0x0000000744c00000|  0%| F|  |TAMS 0x0000000744a00000, 0x0000000744a00000| Untracked 
| 550|0x0000000744c00000, 0x0000000744c00000, 0x0000000744e00000|  0%| F|  |TAMS 0x0000000744c00000, 0x0000000744c00000| Untracked 
| 551|0x0000000744e00000, 0x0000000744e00000, 0x0000000745000000|  0%| F|  |TAMS 0x0000000744e00000, 0x0000000744e00000| Untracked 
| 552|0x0000000745000000, 0x0000000745000000, 0x0000000745200000|  0%| F|  |TAMS 0x0000000745000000, 0x0000000745000000| Untracked 
| 553|0x0000000745200000, 0x0000000745200000, 0x0000000745400000|  0%| F|  |TAMS 0x0000000745200000, 0x0000000745200000| Untracked 
| 554|0x0000000745400000, 0x0000000745400000, 0x0000000745600000|  0%| F|  |TAMS 0x0000000745400000, 0x0000000745400000| Untracked 
| 555|0x0000000745600000, 0x0000000745600000, 0x0000000745800000|  0%| F|  |TAMS 0x0000000745600000, 0x0000000745600000| Untracked 
| 556|0x0000000745800000, 0x0000000745800000, 0x0000000745a00000|  0%| F|  |TAMS 0x0000000745800000, 0x0000000745800000| Untracked 
| 557|0x0000000745a00000, 0x0000000745a00000, 0x0000000745c00000|  0%| F|  |TAMS 0x0000000745a00000, 0x0000000745a00000| Untracked 
| 558|0x0000000745c00000, 0x0000000745c00000, 0x0000000745e00000|  0%| F|  |TAMS 0x0000000745c00000, 0x0000000745c00000| Untracked 
| 559|0x0000000745e00000, 0x0000000745e00000, 0x0000000746000000|  0%| F|  |TAMS 0x0000000745e00000, 0x0000000745e00000| Untracked 
| 560|0x0000000746000000, 0x0000000746000000, 0x0000000746200000|  0%| F|  |TAMS 0x0000000746000000, 0x0000000746000000| Untracked 
| 561|0x0000000746200000, 0x0000000746200000, 0x0000000746400000|  0%| F|  |TAMS 0x0000000746200000, 0x0000000746200000| Untracked 
| 562|0x0000000746400000, 0x0000000746400000, 0x0000000746600000|  0%| F|  |TAMS 0x0000000746400000, 0x0000000746400000| Untracked 
| 563|0x0000000746600000, 0x0000000746600000, 0x0000000746800000|  0%| F|  |TAMS 0x0000000746600000, 0x0000000746600000| Untracked 
| 564|0x0000000746800000, 0x0000000746800000, 0x0000000746a00000|  0%| F|  |TAMS 0x0000000746800000, 0x0000000746800000| Untracked 
| 565|0x0000000746a00000, 0x0000000746a00000, 0x0000000746c00000|  0%| F|  |TAMS 0x0000000746a00000, 0x0000000746a00000| Untracked 
| 566|0x0000000746c00000, 0x0000000746c00000, 0x0000000746e00000|  0%| F|  |TAMS 0x0000000746c00000, 0x0000000746c00000| Untracked 
| 567|0x0000000746e00000, 0x0000000746e00000, 0x0000000747000000|  0%| F|  |TAMS 0x0000000746e00000, 0x0000000746e00000| Untracked 
| 568|0x0000000747000000, 0x0000000747000000, 0x0000000747200000|  0%| F|  |TAMS 0x0000000747000000, 0x0000000747000000| Untracked 
| 569|0x0000000747200000, 0x0000000747200000, 0x0000000747400000|  0%| F|  |TAMS 0x0000000747200000, 0x0000000747200000| Untracked 
| 570|0x0000000747400000, 0x0000000747400000, 0x0000000747600000|  0%| F|  |TAMS 0x0000000747400000, 0x0000000747400000| Untracked 
| 571|0x0000000747600000, 0x0000000747600000, 0x0000000747800000|  0%| F|  |TAMS 0x0000000747600000, 0x0000000747600000| Untracked 
| 572|0x0000000747800000, 0x0000000747800000, 0x0000000747a00000|  0%| F|  |TAMS 0x0000000747800000, 0x0000000747800000| Untracked 
| 573|0x0000000747a00000, 0x0000000747a00000, 0x0000000747c00000|  0%| F|  |TAMS 0x0000000747a00000, 0x0000000747a00000| Untracked 
| 574|0x0000000747c00000, 0x0000000747c00000, 0x0000000747e00000|  0%| F|  |TAMS 0x0000000747c00000, 0x0000000747c00000| Untracked 
| 575|0x0000000747e00000, 0x0000000747e00000, 0x0000000748000000|  0%| F|  |TAMS 0x0000000747e00000, 0x0000000747e00000| Untracked 
| 576|0x0000000748000000, 0x0000000748000000, 0x0000000748200000|  0%| F|  |TAMS 0x0000000748000000, 0x0000000748000000| Untracked 
| 577|0x0000000748200000, 0x0000000748200000, 0x0000000748400000|  0%| F|  |TAMS 0x0000000748200000, 0x0000000748200000| Untracked 
| 578|0x0000000748400000, 0x0000000748400000, 0x0000000748600000|  0%| F|  |TAMS 0x0000000748400000, 0x0000000748400000| Untracked 
| 579|0x0000000748600000, 0x0000000748600000, 0x0000000748800000|  0%| F|  |TAMS 0x0000000748600000, 0x0000000748600000| Untracked 
| 580|0x0000000748800000, 0x0000000748800000, 0x0000000748a00000|  0%| F|  |TAMS 0x0000000748800000, 0x0000000748800000| Untracked 
| 581|0x0000000748a00000, 0x0000000748a00000, 0x0000000748c00000|  0%| F|  |TAMS 0x0000000748a00000, 0x0000000748a00000| Untracked 
| 582|0x0000000748c00000, 0x0000000748c00000, 0x0000000748e00000|  0%| F|  |TAMS 0x0000000748c00000, 0x0000000748c00000| Untracked 
| 583|0x0000000748e00000, 0x0000000748e00000, 0x0000000749000000|  0%| F|  |TAMS 0x0000000748e00000, 0x0000000748e00000| Untracked 
| 584|0x0000000749000000, 0x0000000749000000, 0x0000000749200000|  0%| F|  |TAMS 0x0000000749000000, 0x0000000749000000| Untracked 
| 585|0x0000000749200000, 0x0000000749200000, 0x0000000749400000|  0%| F|  |TAMS 0x0000000749200000, 0x0000000749200000| Untracked 
| 586|0x0000000749400000, 0x0000000749400000, 0x0000000749600000|  0%| F|  |TAMS 0x0000000749400000, 0x0000000749400000| Untracked 
| 587|0x0000000749600000, 0x0000000749600000, 0x0000000749800000|  0%| F|  |TAMS 0x0000000749600000, 0x0000000749600000| Untracked 
| 588|0x0000000749800000, 0x0000000749800000, 0x0000000749a00000|  0%| F|  |TAMS 0x0000000749800000, 0x0000000749800000| Untracked 
| 589|0x0000000749a00000, 0x0000000749a00000, 0x0000000749c00000|  0%| F|  |TAMS 0x0000000749a00000, 0x0000000749a00000| Untracked 
| 590|0x0000000749c00000, 0x0000000749c00000, 0x0000000749e00000|  0%| F|  |TAMS 0x0000000749c00000, 0x0000000749c00000| Untracked 
| 591|0x0000000749e00000, 0x0000000749e00000, 0x000000074a000000|  0%| F|  |TAMS 0x0000000749e00000, 0x0000000749e00000| Untracked 
| 592|0x000000074a000000, 0x000000074a000000, 0x000000074a200000|  0%| F|  |TAMS 0x000000074a000000, 0x000000074a000000| Untracked 
| 593|0x000000074a200000, 0x000000074a200000, 0x000000074a400000|  0%| F|  |TAMS 0x000000074a200000, 0x000000074a200000| Untracked 
| 594|0x000000074a400000, 0x000000074a400000, 0x000000074a600000|  0%| F|  |TAMS 0x000000074a400000, 0x000000074a400000| Untracked 
| 595|0x000000074a600000, 0x000000074a600000, 0x000000074a800000|  0%| F|  |TAMS 0x000000074a600000, 0x000000074a600000| Untracked 
| 596|0x000000074a800000, 0x000000074a800000, 0x000000074aa00000|  0%| F|  |TAMS 0x000000074a800000, 0x000000074a800000| Untracked 
| 597|0x000000074aa00000, 0x000000074aa00000, 0x000000074ac00000|  0%| F|  |TAMS 0x000000074aa00000, 0x000000074aa00000| Untracked 
| 598|0x000000074ac00000, 0x000000074ac00000, 0x000000074ae00000|  0%| F|  |TAMS 0x000000074ac00000, 0x000000074ac00000| Untracked 
| 599|0x000000074ae00000, 0x000000074ae00000, 0x000000074b000000|  0%| F|  |TAMS 0x000000074ae00000, 0x000000074ae00000| Untracked 
| 600|0x000000074b000000, 0x000000074b000000, 0x000000074b200000|  0%| F|  |TAMS 0x000000074b000000, 0x000000074b000000| Untracked 
| 601|0x000000074b200000, 0x000000074b200000, 0x000000074b400000|  0%| F|  |TAMS 0x000000074b200000, 0x000000074b200000| Untracked 
| 602|0x000000074b400000, 0x000000074b400000, 0x000000074b600000|  0%| F|  |TAMS 0x000000074b400000, 0x000000074b400000| Untracked 
| 603|0x000000074b600000, 0x000000074b600000, 0x000000074b800000|  0%| F|  |TAMS 0x000000074b600000, 0x000000074b600000| Untracked 
| 604|0x000000074b800000, 0x000000074b800000, 0x000000074ba00000|  0%| F|  |TAMS 0x000000074b800000, 0x000000074b800000| Untracked 
| 605|0x000000074ba00000, 0x000000074ba00000, 0x000000074bc00000|  0%| F|  |TAMS 0x000000074ba00000, 0x000000074ba00000| Untracked 
| 606|0x000000074bc00000, 0x000000074bc00000, 0x000000074be00000|  0%| F|  |TAMS 0x000000074bc00000, 0x000000074bc00000| Untracked 
| 607|0x000000074be00000, 0x000000074be00000, 0x000000074c000000|  0%| F|  |TAMS 0x000000074be00000, 0x000000074be00000| Untracked 
| 608|0x000000074c000000, 0x000000074c000000, 0x000000074c200000|  0%| F|  |TAMS 0x000000074c000000, 0x000000074c000000| Untracked 
| 609|0x000000074c200000, 0x000000074c200000, 0x000000074c400000|  0%| F|  |TAMS 0x000000074c200000, 0x000000074c200000| Untracked 
| 610|0x000000074c400000, 0x000000074c400000, 0x000000074c600000|  0%| F|  |TAMS 0x000000074c400000, 0x000000074c400000| Untracked 
| 611|0x000000074c600000, 0x000000074c600000, 0x000000074c800000|  0%| F|  |TAMS 0x000000074c600000, 0x000000074c600000| Untracked 
| 612|0x000000074c800000, 0x000000074c800000, 0x000000074ca00000|  0%| F|  |TAMS 0x000000074c800000, 0x000000074c800000| Untracked 
| 613|0x000000074ca00000, 0x000000074ca00000, 0x000000074cc00000|  0%| F|  |TAMS 0x000000074ca00000, 0x000000074ca00000| Untracked 
| 614|0x000000074cc00000, 0x000000074cc00000, 0x000000074ce00000|  0%| F|  |TAMS 0x000000074cc00000, 0x000000074cc00000| Untracked 
| 615|0x000000074ce00000, 0x000000074ce00000, 0x000000074d000000|  0%| F|  |TAMS 0x000000074ce00000, 0x000000074ce00000| Untracked 
| 616|0x000000074d000000, 0x000000074d000000, 0x000000074d200000|  0%| F|  |TAMS 0x000000074d000000, 0x000000074d000000| Untracked 
| 617|0x000000074d200000, 0x000000074d200000, 0x000000074d400000|  0%| F|  |TAMS 0x000000074d200000, 0x000000074d200000| Untracked 
| 618|0x000000074d400000, 0x000000074d400000, 0x000000074d600000|  0%| F|  |TAMS 0x000000074d400000, 0x000000074d400000| Untracked 
| 619|0x000000074d600000, 0x000000074d600000, 0x000000074d800000|  0%| F|  |TAMS 0x000000074d600000, 0x000000074d600000| Untracked 

Card table byte_map: [0x00000200a6640000,0x00000200a6e40000] _byte_map_base: 0x00000200a2e40000

Marking Bits (Prev, Next): (CMBitMap*) 0x0000020091bd21d0, (CMBitMap*) 0x0000020091bd2190
 Prev Bits: [0x00000200ab640000, 0x00000200af640000)
 Next Bits: [0x00000200a7640000, 0x00000200ab640000)

Polling page: 0x00000200919d0000

Metaspace:

Usage:
  Non-class:    105.83 MB used.
      Class:     16.10 MB used.
       Both:    121.93 MB used.

Virtual space:
  Non-class space:      112.00 MB reserved,     107.00 MB ( 96%) committed,  14 nodes.
      Class space:        1.00 GB reserved,      17.00 MB (  2%) committed,  1 nodes.
             Both:        1.11 GB reserved,     124.00 MB ( 11%) committed. 

Chunk freelists:
   Non-Class:  570.00 KB
       Class:  3.05 MB
        Both:  3.60 MB

MaxMetaspaceSize: unlimited
CompressedClassSpaceSize: 1.00 GB
Initial GC threshold: 21.00 MB
Current GC threshold: 203.88 MB
CDS: off
MetaspaceReclaimPolicy: balanced
 - commit_granule_bytes: 65536.
 - commit_granule_words: 8192.
 - virtual_space_node_default_size: 1048576.
 - enlarge_chunks_in_place: 1.
 - new_chunks_are_fully_committed: 0.
 - uncommit_free_chunks: 1.
 - use_allocation_guard: 0.
 - handle_deallocations: 1.


Internal statistics:

num_allocs_failed_limit: 8.
num_arena_births: 3570.
num_arena_deaths: 116.
num_vsnodes_births: 15.
num_vsnodes_deaths: 0.
num_space_committed: 1984.
num_space_uncommitted: 0.
num_chunks_returned_to_freelist: 136.
num_chunks_taken_from_freelist: 8921.
num_chunk_merges: 41.
num_chunk_splits: 5195.
num_chunks_enlarged: 2546.
num_purges: 4.
num_inconsistent_stats: 0.

CodeHeap 'non-profiled nmethods': size=120000Kb used=20424Kb max_used=20424Kb free=99575Kb
 bounds [0x000002009e2f0000, 0x000002009f6f0000, 0x00000200a5820000]
CodeHeap 'profiled nmethods': size=120000Kb used=38832Kb max_used=38832Kb free=81167Kb
 bounds [0x0000020096820000, 0x0000020098e10000, 0x000002009dd50000]
CodeHeap 'non-nmethods': size=5760Kb used=2457Kb max_used=2646Kb free=3302Kb
 bounds [0x000002009dd50000, 0x000002009e000000, 0x000002009e2f0000]
 total_blobs=22097 nmethods=21097 adapters=910
 compilation: enabled
              stopped_count=0, restarted_count=0
 full_count=0

Compilation events (20 events):
Event: 15679.370 Thread 0x00000200b28388a0 26621       3       com.android.build.gradle.internal.tasks.BundleLibraryClassesJar_Decorated::toString (33 bytes)
Event: 15679.370 Thread 0x00000200b28388a0 nmethod 26621 0x0000020098e0d710 code [0x0000020098e0d900, 0x0000020098e0df18]
Event: 15679.375 Thread 0x00000200b28373f0 nmethod 26596 0x000002009f6d9610 code [0x000002009f6d9a00, 0x000002009f6df778]
Event: 15679.376 Thread 0x00000200b28373f0 26597       4       org.gradle.api.internal.artifacts.dsl.dependencies.DefaultDependencyConstraintHandler::doAdd (66 bytes)
Event: 15679.387 Thread 0x00000200b28388a0 26622       3       org.gradle.api.JavaVersion::values (10 bytes)
Event: 15679.387 Thread 0x00000200b28388a0 nmethod 26622 0x0000020098e0e110 code [0x0000020098e0e2c0, 0x0000020098e0e568]
Event: 15679.511 Thread 0x00000200b28388a0 26624       3       org.gradle.internal.snapshot.impl.FilteredTrackingMerkleDirectorySnapshotBuilder$1::<init> (10 bytes)
Event: 15679.511 Thread 0x00000200b28388a0 nmethod 26624 0x0000020098e0e610 code [0x0000020098e0e7c0, 0x0000020098e0e9f8]
Event: 15679.515 Thread 0x00000200b28388a0 26625       1       org.gradle.api.tasks.compile.CompileOptions::getAnnotationProcessorPath (5 bytes)
Event: 15679.516 Thread 0x00000200b28388a0 nmethod 26625 0x000002009f6e1090 code [0x000002009f6e1220, 0x000002009f6e12f8]
Event: 15679.516 Thread 0x00000200b28388a0 26626       1       org.gradle.api.tasks.compile.CompileOptions::getBootstrapClasspath (5 bytes)
Event: 15679.516 Thread 0x00000200b28388a0 nmethod 26626 0x000002009f6e1390 code [0x000002009f6e1520, 0x000002009f6e15f8]
Event: 15679.516 Thread 0x00000200b28388a0 26627       1       org.gradle.api.tasks.compile.CompileOptions::getJavaModuleMainClass (5 bytes)
Event: 15679.516 Thread 0x00000200b28388a0 nmethod 26627 0x000002009f6e1690 code [0x000002009f6e1820, 0x000002009f6e18f8]
Event: 15679.516 Thread 0x00000200b28388a0 26628       1       org.gradle.api.tasks.compile.CompileOptions::getJavaModuleVersion (5 bytes)
Event: 15679.516 Thread 0x00000200b28388a0 nmethod 26628 0x000002009f6e1990 code [0x000002009f6e1b20, 0x000002009f6e1bf8]
Event: 15679.516 Thread 0x00000200b28388a0 26629       1       org.gradle.api.tasks.compile.CompileOptions::getSourcepath (5 bytes)
Event: 15679.516 Thread 0x00000200b28388a0 nmethod 26629 0x000002009f6e1c90 code [0x000002009f6e1e20, 0x000002009f6e1ef8]
Event: 15679.579 Thread 0x00000200b28388a0 26630       1       java.util.stream.ReferencePipeline$StatefulOp::opIsStateful (2 bytes)
Event: 15679.579 Thread 0x00000200b28388a0 nmethod 26630 0x000002009f6e1f90 code [0x000002009f6e2120, 0x000002009f6e21f8]

GC Heap History (20 events):
Event: 7517.731 GC heap after
{Heap after GC invocations=98 (full 0):
 garbage-first heap   total 634880K, used 223567K [0x0000000700000000, 0x0000000800000000)
  region size 2048K, 2 young (4096K), 2 survivors (4096K)
 Metaspace       used 123393K, committed 125120K, reserved 1163264K
  class space    used 16272K, committed 17024K, reserved 1048576K
}
Event: 7520.224 GC heap before
{Heap before GC invocations=98 (full 0):
 garbage-first heap   total 634880K, used 280911K [0x0000000700000000, 0x0000000800000000)
  region size 2048K, 31 young (63488K), 2 survivors (4096K)
 Metaspace       used 123468K, committed 125184K, reserved 1163264K
  class space    used 16272K, committed 17024K, reserved 1048576K
}
Event: 7520.303 GC heap after
{Heap after GC invocations=99 (full 0):
 garbage-first heap   total 1269760K, used 231561K [0x0000000700000000, 0x0000000800000000)
  region size 2048K, 4 young (8192K), 4 survivors (8192K)
 Metaspace       used 123468K, committed 125184K, reserved 1163264K
  class space    used 16272K, committed 17024K, reserved 1048576K
}
Event: 7522.613 GC heap before
{Heap before GC invocations=100 (full 0):
 garbage-first heap   total 854016K, used 268425K [0x0000000700000000, 0x0000000800000000)
  region size 2048K, 44 young (90112K), 4 survivors (8192K)
 Metaspace       used 123611K, committed 125312K, reserved 1163264K
  class space    used 16272K, committed 17024K, reserved 1048576K
}
Event: 7522.706 GC heap after
{Heap after GC invocations=101 (full 0):
 garbage-first heap   total 854016K, used 205060K [0x0000000700000000, 0x0000000800000000)
  region size 2048K, 6 young (12288K), 6 survivors (12288K)
 Metaspace       used 123611K, committed 125312K, reserved 1163264K
  class space    used 16272K, committed 17024K, reserved 1048576K
}
Event: 7549.923 GC heap before
{Heap before GC invocations=101 (full 0):
 garbage-first heap   total 854016K, used 231684K [0x0000000700000000, 0x0000000800000000)
  region size 2048K, 20 young (40960K), 6 survivors (12288K)
 Metaspace       used 123627K, committed 125312K, reserved 1163264K
  class space    used 16272K, committed 17024K, reserved 1048576K
}
Event: 7549.981 GC heap after
{Heap after GC invocations=102 (full 0):
 garbage-first heap   total 854016K, used 208904K [0x0000000700000000, 0x0000000800000000)
  region size 2048K, 2 young (4096K), 2 survivors (4096K)
 Metaspace       used 123627K, committed 125312K, reserved 1163264K
  class space    used 16272K, committed 17024K, reserved 1048576K
}
Event: 7550.698 GC heap before
{Heap before GC invocations=102 (full 0):
 garbage-first heap   total 854016K, used 243720K [0x0000000700000000, 0x0000000800000000)
  region size 2048K, 20 young (40960K), 2 survivors (4096K)
 Metaspace       used 123636K, committed 125312K, reserved 1163264K
  class space    used 16272K, committed 17024K, reserved 1048576K
}
Event: 7550.723 GC heap after
{Heap after GC invocations=103 (full 0):
 garbage-first heap   total 854016K, used 212095K [0x0000000700000000, 0x0000000800000000)
  region size 2048K, 3 young (6144K), 3 survivors (6144K)
 Metaspace       used 123636K, committed 125312K, reserved 1163264K
  class space    used 16272K, committed 17024K, reserved 1048576K
}
Event: 7551.250 GC heap before
{Heap before GC invocations=103 (full 0):
 garbage-first heap   total 854016K, used 287871K [0x0000000700000000, 0x0000000800000000)
  region size 2048K, 20 young (40960K), 3 survivors (6144K)
 Metaspace       used 123653K, committed 125376K, reserved 1163264K
  class space    used 16273K, committed 17024K, reserved 1048576K
}
Event: 7551.290 GC heap after
{Heap after GC invocations=104 (full 0):
 garbage-first heap   total 854016K, used 255917K [0x0000000700000000, 0x0000000800000000)
  region size 2048K, 2 young (4096K), 2 survivors (4096K)
 Metaspace       used 123653K, committed 125376K, reserved 1163264K
  class space    used 16273K, committed 17024K, reserved 1048576K
}
Event: 7553.198 GC heap before
{Heap before GC invocations=104 (full 0):
 garbage-first heap   total 854016K, used 335789K [0x0000000700000000, 0x0000000800000000)
  region size 2048K, 20 young (40960K), 2 survivors (4096K)
 Metaspace       used 123661K, committed 125376K, reserved 1163264K
  class space    used 16273K, committed 17024K, reserved 1048576K
}
Event: 7553.215 GC heap after
{Heap after GC invocations=105 (full 0):
 garbage-first heap   total 854016K, used 213298K [0x0000000700000000, 0x0000000800000000)
  region size 2048K, 3 young (6144K), 3 survivors (6144K)
 Metaspace       used 123661K, committed 125376K, reserved 1163264K
  class space    used 16273K, committed 17024K, reserved 1048576K
}
Event: 7553.309 GC heap before
{Heap before GC invocations=105 (full 0):
 garbage-first heap   total 854016K, used 225586K [0x0000000700000000, 0x0000000800000000)
  region size 2048K, 11 young (22528K), 3 survivors (6144K)
 Metaspace       used 123662K, committed 125376K, reserved 1163264K
  class space    used 16273K, committed 17024K, reserved 1048576K
}
Event: 7553.315 GC heap after
{Heap after GC invocations=106 (full 0):
 garbage-first heap   total 854016K, used 213620K [0x0000000700000000, 0x0000000800000000)
  region size 2048K, 3 young (6144K), 3 survivors (6144K)
 Metaspace       used 123662K, committed 125376K, reserved 1163264K
  class space    used 16273K, committed 17024K, reserved 1048576K
}
Event: 15676.729 GC heap before
{Heap before GC invocations=107 (full 0):
 garbage-first heap   total 854016K, used 684660K [0x0000000700000000, 0x0000000800000000)
  region size 2048K, 174 young (356352K), 3 survivors (6144K)
 Metaspace       used 124654K, committed 126592K, reserved 1163264K
  class space    used 16442K, committed 17280K, reserved 1048576K
}
Event: 15677.034 GC heap after
{Heap after GC invocations=108 (full 0):
 garbage-first heap   total 854016K, used 225008K [0x0000000700000000, 0x0000000800000000)
  region size 2048K, 16 young (32768K), 16 survivors (32768K)
 Metaspace       used 124654K, committed 126592K, reserved 1163264K
  class space    used 16442K, committed 17280K, reserved 1048576K
}
Event: 15677.329 GC heap before
{Heap before GC invocations=108 (full 0):
 garbage-first heap   total 854016K, used 231152K [0x0000000700000000, 0x0000000800000000)
  region size 2048K, 20 young (40960K), 16 survivors (32768K)
 Metaspace       used 124654K, committed 126592K, reserved 1163264K
  class space    used 16442K, committed 17280K, reserved 1048576K
}
Event: 15677.638 GC heap after
{Heap after GC invocations=109 (full 0):
 garbage-first heap   total 854016K, used 214838K [0x0000000700000000, 0x0000000800000000)
  region size 2048K, 2 young (4096K), 2 survivors (4096K)
 Metaspace       used 124654K, committed 126592K, reserved 1163264K
  class space    used 16442K, committed 17280K, reserved 1048576K
}
Event: 15679.583 GC heap before
{Heap before GC invocations=109 (full 0):
 garbage-first heap   total 854016K, used 272182K [0x0000000700000000, 0x0000000800000000)
  region size 2048K, 32 young (65536K), 2 survivors (4096K)
 Metaspace       used 124858K, committed 126976K, reserved 1163264K
  class space    used 16490K, committed 17408K, reserved 1048576K
}

Dll operation events (2 events):
Event: 0.011 Loaded shared library C:\Program Files\Android\Android Studio\jbr\bin\java.dll
Event: 0.880 Loaded shared library C:\Program Files\Android\Android Studio\jbr\bin\verify.dll

Deoptimization events (20 events):
Event: 7554.462 Thread 0x00000200bb01f320 DEOPT PACKING pc=0x000002009ecb3710 sp=0x000000d4bd2fdbd0
Event: 7554.462 Thread 0x00000200bb01f320 DEOPT UNPACKING pc=0x000002009dda69a3 sp=0x000000d4bd2fdad0 mode 2
Event: 7554.462 Thread 0x00000200bb01f320 Uncommon trap: trap_request=0xffffff45 fr.pc=0x000002009ea87d4c relative=0x0000000000004d0c
Event: 7554.462 Thread 0x00000200bb01f320 Uncommon trap: reason=unstable_if action=reinterpret pc=0x000002009ea87d4c method=org.gradle.internal.logging.sink.OutputEventTransformer.onOutput(Lorg/gradle/internal/logging/events/OutputEvent;)V @ 290 c2
Event: 7554.462 Thread 0x00000200bb01f320 DEOPT PACKING pc=0x000002009ea87d4c sp=0x000000d4bd2fda80
Event: 7554.462 Thread 0x00000200bb01f320 DEOPT UNPACKING pc=0x000002009dda69a3 sp=0x000000d4bd2fda98 mode 2
Event: 7554.463 Thread 0x00000200bb01f320 Uncommon trap: trap_request=0xffffff45 fr.pc=0x000002009f3d3c8c relative=0x000000000000044c
Event: 7554.463 Thread 0x00000200bb01f320 Uncommon trap: reason=unstable_if action=reinterpret pc=0x000002009f3d3c8c method=org.gradle.launcher.daemon.server.exec.LogToClient$AsynchronousLogDispatcher$1.isProgressEvent(Lorg/gradle/internal/logging/events/OutputEvent;)Z @ 11 c2
Event: 7554.463 Thread 0x00000200bb01f320 DEOPT PACKING pc=0x000002009f3d3c8c sp=0x000000d4bd2fd870
Event: 7554.463 Thread 0x00000200bb01f320 DEOPT UNPACKING pc=0x000002009dda69a3 sp=0x000000d4bd2fd7c8 mode 2
Event: 15639.552 Thread 0x00000200bb46ba90 Uncommon trap: trap_request=0xffffff76 fr.pc=0x000002009f6155e4 relative=0x00000000000001c4
Event: 15639.552 Thread 0x00000200bb46ba90 Uncommon trap: reason=predicate action=maybe_recompile pc=0x000002009f6155e4 method=java.util.LinkedHashMap.valuesToArray([Ljava/lang/Object;)[Ljava/lang/Object; @ 12 c2
Event: 15639.552 Thread 0x00000200bb46ba90 DEOPT PACKING pc=0x000002009f6155e4 sp=0x000000d4bd2f70b0
Event: 15639.553 Thread 0x00000200bb46ba90 DEOPT UNPACKING pc=0x000002009dda69a3 sp=0x000000d4bd2f7068 mode 2
Event: 15679.233 Thread 0x00000200b7ff5a50 DEOPT PACKING pc=0x00000200985844d9 sp=0x000000d4beefbdf0
Event: 15679.235 Thread 0x00000200b7ff5a50 DEOPT UNPACKING pc=0x000002009dda7143 sp=0x000000d4beefb320 mode 0
Event: 15679.284 Thread 0x00000200b7ff5a50 Uncommon trap: trap_request=0xffffff45 fr.pc=0x000002009f2050e4 relative=0x0000000000001124
Event: 15679.284 Thread 0x00000200b7ff5a50 Uncommon trap: reason=unstable_if action=reinterpret pc=0x000002009f2050e4 method=com.google.common.collect.MapMakerInternalMap$Segment.put(Ljava/lang/Object;ILjava/lang/Object;Z)Ljava/lang/Object; @ 92 c2
Event: 15679.284 Thread 0x00000200b7ff5a50 DEOPT PACKING pc=0x000002009f2050e4 sp=0x000000d4beefbf90
Event: 15679.285 Thread 0x00000200b7ff5a50 DEOPT UNPACKING pc=0x000002009dda69a3 sp=0x000000d4beefbf28 mode 2

Classes unloaded (20 events):
Event: 4211.313 Thread 0x00000200b1ca2560 Unloading class 0x0000000800231c00 'java/lang/invoke/LambdaForm$MH+0x0000000800231c00'
Event: 4211.313 Thread 0x00000200b1ca2560 Unloading class 0x0000000800231800 'java/lang/invoke/LambdaForm$MH+0x0000000800231800'
Event: 4211.313 Thread 0x00000200b1ca2560 Unloading class 0x0000000800231400 'java/lang/invoke/LambdaForm$MH+0x0000000800231400'
Event: 4211.313 Thread 0x00000200b1ca2560 Unloading class 0x0000000800231000 'java/lang/invoke/LambdaForm$MH+0x0000000800231000'
Event: 4211.313 Thread 0x00000200b1ca2560 Unloading class 0x0000000800230c00 'java/lang/invoke/LambdaForm$BMH+0x0000000800230c00'
Event: 4211.313 Thread 0x00000200b1ca2560 Unloading class 0x00000008001ba400 'java/lang/invoke/LambdaForm$DMH+0x00000008001ba400'
Event: 4211.313 Thread 0x00000200b1ca2560 Unloading class 0x00000008001b9c00 'java/lang/invoke/LambdaForm$DMH+0x00000008001b9c00'
Event: 4211.313 Thread 0x00000200b1ca2560 Unloading class 0x00000008001b9800 'java/lang/invoke/LambdaForm$MH+0x00000008001b9800'
Event: 4211.314 Thread 0x00000200b1ca2560 Unloading class 0x00000008001b9400 'java/lang/invoke/LambdaForm$MH+0x00000008001b9400'
Event: 4211.314 Thread 0x00000200b1ca2560 Unloading class 0x00000008001b9000 'java/lang/invoke/LambdaForm$MH+0x00000008001b9000'
Event: 4211.314 Thread 0x00000200b1ca2560 Unloading class 0x00000008001b8c00 'java/lang/invoke/LambdaForm$MH+0x00000008001b8c00'
Event: 4211.314 Thread 0x00000200b1ca2560 Unloading class 0x0000000800193000 'java/lang/invoke/LambdaForm$MH+0x0000000800193000'
Event: 4211.314 Thread 0x00000200b1ca2560 Unloading class 0x0000000800192800 'java/lang/invoke/LambdaForm$MH+0x0000000800192800'
Event: 4211.314 Thread 0x00000200b1ca2560 Unloading class 0x0000000800192400 'java/lang/invoke/LambdaForm$MH+0x0000000800192400'
Event: 4211.314 Thread 0x00000200b1ca2560 Unloading class 0x0000000800192000 'java/lang/invoke/LambdaForm$MH+0x0000000800192000'
Event: 4211.314 Thread 0x00000200b1ca2560 Unloading class 0x0000000800191c00 'java/lang/invoke/LambdaForm$MH+0x0000000800191c00'
Event: 4211.314 Thread 0x00000200b1ca2560 Unloading class 0x0000000800191400 'java/lang/invoke/LambdaForm$MH+0x0000000800191400'
Event: 4211.315 Thread 0x00000200b1ca2560 Unloading class 0x00000008000a6c00 'java/lang/invoke/LambdaForm$MH+0x00000008000a6c00'
Event: 4211.315 Thread 0x00000200b1ca2560 Unloading class 0x00000008000a6800 'java/lang/invoke/LambdaForm$MH+0x00000008000a6800'
Event: 4211.315 Thread 0x00000200b1ca2560 Unloading class 0x00000008000a4400 'java/lang/invoke/LambdaForm$MH+0x00000008000a4400'

Classes redefined (0 events):
No events

Internal exceptions (20 events):
Event: 7550.940 Thread 0x00000200b5027dc0 Exception <a 'sun/nio/fs/WindowsException'{0x000000074c640690}> (0x000000074c640690) 
thrown [s\src\hotspot\share\prims\jni.cpp, line 517]
Event: 7553.926 Thread 0x00000200b4d24b20 Exception <a 'sun/nio/fs/WindowsException'{0x000000074d301598}> (0x000000074d301598) 
thrown [s\src\hotspot\share\prims\jni.cpp, line 517]
Event: 7554.008 Thread 0x00000200bb01f320 Implicit null exception at 0x000002009e4266ae to 0x000002009e42cb28
Event: 7554.049 Thread 0x00000200bb01f320 Implicit null exception at 0x000002009e75b5ef to 0x000002009e75e304
Event: 15641.712 Thread 0x00000200bb46ba90 Exception <a 'sun/nio/fs/WindowsException'{0x0000000726234d80}> (0x0000000726234d80) 
thrown [s\src\hotspot\share\prims\jni.cpp, line 517]
Event: 15642.434 Thread 0x00000200bb46ba90 Exception <a 'java/lang/NoClassDefFoundError'{0x0000000725bd6f40}: org/jetbrains/kotlin/gradle/plugin/KotlinBasePluginWrapper> (0x0000000725bd6f40) 
thrown [s\src\hotspot\share\oops\constantPool.cpp, line 835]
Event: 15642.945 Thread 0x00000200bb46ba90 Exception <a 'java/lang/NoClassDefFoundError'{0x0000000724a1dfc0}: org/jetbrains/kotlin/gradle/plugin/KotlinBasePluginWrapper> (0x0000000724a1dfc0) 
thrown [s\src\hotspot\share\oops\constantPool.cpp, line 835]
Event: 15643.116 Thread 0x00000200bb46ba90 Exception <a 'java/lang/NoClassDefFoundError'{0x0000000724251438}: org/jetbrains/kotlin/gradle/plugin/KotlinBasePluginWrapper> (0x0000000724251438) 
thrown [s\src\hotspot\share\oops\constantPool.cpp, line 835]
Event: 15643.435 Thread 0x00000200bb46ba90 Exception <a 'java/lang/NoClassDefFoundError'{0x0000000723a98108}: org/jetbrains/kotlin/gradle/plugin/KotlinBasePluginWrapper> (0x0000000723a98108) 
thrown [s\src\hotspot\share\oops\constantPool.cpp, line 835]
Event: 15643.691 Thread 0x00000200bb46ba90 Exception <a 'java/lang/NoClassDefFoundError'{0x000000072307a690}: org/jetbrains/kotlin/gradle/plugin/KotlinBasePluginWrapper> (0x000000072307a690) 
thrown [s\src\hotspot\share\oops\constantPool.cpp, line 835]
Event: 15643.946 Thread 0x00000200bb46ba90 Exception <a 'java/lang/NoClassDefFoundError'{0x000000072265b748}: org/jetbrains/kotlin/gradle/plugin/KotlinBasePluginWrapper> (0x000000072265b748) 
thrown [s\src\hotspot\share\oops\constantPool.cpp, line 835]
Event: 15644.148 Thread 0x00000200bb46ba90 Exception <a 'sun/nio/fs/WindowsException'{0x0000000722278c20}> (0x0000000722278c20) 
thrown [s\src\hotspot\share\prims\jni.cpp, line 517]
Event: 15644.249 Thread 0x00000200bb46ba90 Exception <a 'sun/nio/fs/WindowsException'{0x0000000722319c68}> (0x0000000722319c68) 
thrown [s\src\hotspot\share\prims\jni.cpp, line 517]
Event: 15644.251 Thread 0x00000200bb46ba90 Exception <a 'sun/nio/fs/WindowsException'{0x000000072231aed8}> (0x000000072231aed8) 
thrown [s\src\hotspot\share\prims\jni.cpp, line 517]
Event: 15644.251 Thread 0x00000200bb46ba90 Exception <a 'sun/nio/fs/WindowsException'{0x000000072231c198}> (0x000000072231c198) 
thrown [s\src\hotspot\share\prims\jni.cpp, line 517]
Event: 15644.252 Thread 0x00000200bb46ba90 Exception <a 'sun/nio/fs/WindowsException'{0x000000072231d458}> (0x000000072231d458) 
thrown [s\src\hotspot\share\prims\jni.cpp, line 517]
Event: 15645.705 Thread 0x00000200bb46ba90 Exception <a 'sun/nio/fs/WindowsException'{0x000000071fa96bd8}> (0x000000071fa96bd8) 
thrown [s\src\hotspot\share\prims\jni.cpp, line 517]
Event: 15679.581 Thread 0x00000200bf22ecb0 Exception <a 'sun/nio/fs/WindowsException'{0x000000074cabf4b0}> (0x000000074cabf4b0) 
thrown [s\src\hotspot\share\prims\jni.cpp, line 517]
Event: 15679.582 Thread 0x00000200bf22ecb0 Exception <a 'sun/nio/fs/WindowsException'{0x000000074cabfd18}> (0x000000074cabfd18) 
thrown [s\src\hotspot\share\prims\jni.cpp, line 517]
Event: 15679.582 Thread 0x00000200bf22ecb0 Exception <a 'sun/nio/fs/WindowsException'{0x000000074cac0118}> (0x000000074cac0118) 
thrown [s\src\hotspot\share\prims\jni.cpp, line 517]

VM Operations (20 events):
Event: 15643.106 Executing VM operation: Cleanup done
Event: 15644.114 Executing VM operation: Cleanup
Event: 15644.115 Executing VM operation: Cleanup done
Event: 15645.123 Executing VM operation: Cleanup
Event: 15645.124 Executing VM operation: Cleanup done
Event: 15646.130 Executing VM operation: Cleanup
Event: 15646.130 Executing VM operation: Cleanup done
Event: 15647.140 Executing VM operation: Cleanup
Event: 15647.140 Executing VM operation: Cleanup done
Event: 15670.341 Executing VM operation: Cleanup
Event: 15670.435 Executing VM operation: Cleanup done
Event: 15675.490 Executing VM operation: Cleanup
Event: 15675.538 Executing VM operation: Cleanup done
Event: 15676.728 Executing VM operation: G1CollectForAllocation
Event: 15677.034 Executing VM operation: G1CollectForAllocation done
Event: 15677.329 Executing VM operation: G1CollectForAllocation
Event: 15677.638 Executing VM operation: G1CollectForAllocation done
Event: 15678.641 Executing VM operation: Cleanup
Event: 15678.641 Executing VM operation: Cleanup done
Event: 15679.583 Executing VM operation: G1TryInitiateConcMark

Events (20 events):
Event: 15640.553 Thread 0x00000200b7f1b530 Thread added: 0x00000200b7f1b530
Event: 15640.555 Thread 0x00000200b7f1e550 Thread added: 0x00000200b7f1e550
Event: 15640.559 Thread 0x00000200b7f1ea20 Thread added: 0x00000200b7f1ea20
Event: 15640.561 Thread 0x00000200b7f1b060 Thread added: 0x00000200b7f1b060
Event: 15640.561 Thread 0x00000200b502cac0 Thread added: 0x00000200b502cac0
Event: 15640.562 Thread 0x00000200b7f1ba00 Thread added: 0x00000200b7f1ba00
Event: 15640.563 Thread 0x00000200b7f1c3a0 Thread added: 0x00000200b7f1c3a0
Event: 15640.564 Thread 0x00000200b7f1c870 Thread added: 0x00000200b7f1c870
Event: 15640.564 Thread 0x00000200b7f1d210 Thread added: 0x00000200b7f1d210
Event: 15640.565 Thread 0x00000200b7f1d6e0 Thread added: 0x00000200b7f1d6e0
Event: 15640.920 Thread 0x00000200bb46ac20 Thread added: 0x00000200bb46ac20
Event: 15645.711 Thread 0x00000200bb46a280 Thread added: 0x00000200bb46a280
Event: 15645.713 Thread 0x00000200bb46a750 Thread added: 0x00000200bb46a750
Event: 15645.761 Thread 0x00000200b3690cb0 Thread added: 0x00000200b3690cb0
Event: 15646.420 Thread 0x00000200bf22e7e0 Thread added: 0x00000200bf22e7e0
Event: 15646.463 Thread 0x00000200bb46b0f0 Thread added: 0x00000200bb46b0f0
Event: 15646.464 Thread 0x00000200bb9f0880 Thread added: 0x00000200bb9f0880
Event: 15677.898 Thread 0x00000200bf22cfd0 Thread added: 0x00000200bf22cfd0
Event: 15677.898 Thread 0x00000200bf22ecb0 Thread added: 0x00000200bf22ecb0
Event: 15679.580 Thread 0x00000200bf22d4a0 Thread added: 0x00000200bf22d4a0


Dynamic libraries:
0x00007ff7433d0000 - 0x00007ff7433da000 	C:\Program Files\Android\Android Studio\jbr\bin\java.exe
0x00007ff868370000 - 0x00007ff868568000 	C:\Windows\SYSTEM32\ntdll.dll
0x00007ff866400000 - 0x00007ff8664c1000 	C:\Windows\System32\KERNEL32.DLL
0x00007ff865c80000 - 0x00007ff865f76000 	C:\Windows\System32\KERNELBASE.dll
0x00007ff865ae0000 - 0x00007ff865be0000 	C:\Windows\System32\ucrtbase.dll
0x00007ff85e120000 - 0x00007ff85e137000 	C:\Program Files\Android\Android Studio\jbr\bin\jli.dll
0x00007ff85df80000 - 0x00007ff85df9b000 	C:\Program Files\Android\Android Studio\jbr\bin\VCRUNTIME140.dll
0x00007ff866610000 - 0x00007ff8667af000 	C:\Windows\System32\USER32.dll
0x00007ff852a00000 - 0x00007ff852c9a000 	C:\Windows\WinSxS\amd64_microsoft.windows.common-controls_6595b64144ccf1df_6.0.19041.4355_none_60b8b9eb71f62e16\COMCTL32.dll
0x00007ff867ea0000 - 0x00007ff867f3e000 	C:\Windows\System32\msvcrt.dll
0x00007ff8680f0000 - 0x00007ff86811b000 	C:\Windows\System32\GDI32.dll
0x00007ff865ab0000 - 0x00007ff865ad2000 	C:\Windows\System32\win32u.dll
0x00007ff866070000 - 0x00007ff866187000 	C:\Windows\System32\gdi32full.dll
0x00007ff865fd0000 - 0x00007ff86606d000 	C:\Windows\System32\msvcp_win.dll
0x00007ff866940000 - 0x00007ff86696f000 	C:\Windows\System32\IMM32.DLL
0x00007ff860880000 - 0x00007ff86088c000 	C:\Program Files\Android\Android Studio\jbr\bin\vcruntime140_1.dll
0x00007ff83ccd0000 - 0x00007ff83cd5d000 	C:\Program Files\Android\Android Studio\jbr\bin\msvcp140.dll
0x00007ff806db0000 - 0x00007ff807a1d000 	C:\Program Files\Android\Android Studio\jbr\bin\server\jvm.dll
0x00007ff8669e0000 - 0x00007ff866a90000 	C:\Windows\System32\ADVAPI32.dll
0x00007ff866df0000 - 0x00007ff866e90000 	C:\Windows\System32\sechost.dll
0x00007ff867f40000 - 0x00007ff868063000 	C:\Windows\System32\RPCRT4.dll
0x00007ff865be0000 - 0x00007ff865c07000 	C:\Windows\System32\bcrypt.dll
0x00007ff852940000 - 0x00007ff852967000 	C:\Windows\SYSTEM32\WINMM.dll
0x00007ff85fb20000 - 0x00007ff85fb2a000 	C:\Windows\SYSTEM32\VERSION.dll
0x00007ff85dff0000 - 0x00007ff85dff9000 	C:\Windows\SYSTEM32\WSOCK32.dll
0x00007ff8668d0000 - 0x00007ff86693b000 	C:\Windows\System32\WS2_32.dll
0x00007ff8638c0000 - 0x00007ff8638d2000 	C:\Windows\SYSTEM32\kernel.appcore.dll
0x00007ff852280000 - 0x00007ff85228a000 	C:\Program Files\Android\Android Studio\jbr\bin\jimage.dll
0x00007ff850240000 - 0x00007ff850424000 	C:\Windows\SYSTEM32\DBGHELP.DLL
0x00007ff850200000 - 0x00007ff850234000 	C:\Windows\SYSTEM32\dbgcore.DLL
0x00007ff865a20000 - 0x00007ff865aa2000 	C:\Windows\System32\bcryptPrimitives.dll
0x00007ff846cf0000 - 0x00007ff846d15000 	C:\Program Files\Android\Android Studio\jbr\bin\java.dll
0x00007ff851e70000 - 0x00007ff851e88000 	C:\Program Files\Android\Android Studio\jbr\bin\zip.dll
0x00007ff8676d0000 - 0x00007ff867e3c000 	C:\Windows\System32\SHELL32.dll
0x00007ff863ac0000 - 0x00007ff86425e000 	C:\Windows\SYSTEM32\windows.storage.dll
0x00007ff866a90000 - 0x00007ff866de3000 	C:\Windows\System32\combase.dll
0x00007ff8653d0000 - 0x00007ff8653fe000 	C:\Windows\SYSTEM32\Wldp.dll
0x00007ff867540000 - 0x00007ff86760d000 	C:\Windows\System32\OLEAUT32.dll
0x00007ff868200000 - 0x00007ff8682ad000 	C:\Windows\System32\SHCORE.dll
0x00007ff866980000 - 0x00007ff8669d5000 	C:\Windows\System32\shlwapi.dll
0x00007ff865950000 - 0x00007ff865974000 	C:\Windows\SYSTEM32\profapi.dll
0x00007ff851990000 - 0x00007ff8519a9000 	C:\Program Files\Android\Android Studio\jbr\bin\net.dll
0x00007ff860740000 - 0x00007ff86084a000 	C:\Windows\SYSTEM32\WINHTTP.dll
0x00007ff8650d0000 - 0x00007ff86513a000 	C:\Windows\system32\mswsock.dll
0x00007ff850cf0000 - 0x00007ff850d06000 	C:\Program Files\Android\Android Studio\jbr\bin\nio.dll
0x00007ff806aa0000 - 0x00007ff806ab0000 	C:\Program Files\Android\Android Studio\jbr\bin\verify.dll
0x00007ff85df50000 - 0x00007ff85df77000 	C:\Users\SPIRO24\.gradle\native\e1d6ef7f7dcc3fd88c89a11ec53ec762bb8ba0a96d01ffa2cd45eb1d1d8dd5c5\windows-amd64\native-platform.dll
0x00007ff83cb80000 - 0x00007ff83ccc4000 	C:\Users\SPIRO24\.gradle\native\0d407fdbe67a94daf76414ababcb853783967236a71b16ec16e742cd7a986fd3\windows-amd64\native-platform-file-events.dll
0x00007ff850d70000 - 0x00007ff850d79000 	C:\Program Files\Android\Android Studio\jbr\bin\management.dll
0x00007ff816ca0000 - 0x00007ff816cab000 	C:\Program Files\Android\Android Studio\jbr\bin\management_ext.dll
0x00007ff8664d0000 - 0x00007ff8664d8000 	C:\Windows\System32\PSAPI.DLL
0x00007ff8652d0000 - 0x00007ff8652e8000 	C:\Windows\SYSTEM32\CRYPTSP.dll
0x00007ff8649f0000 - 0x00007ff864a24000 	C:\Windows\system32\rsaenh.dll
0x00007ff865900000 - 0x00007ff86592e000 	C:\Windows\SYSTEM32\USERENV.dll
0x00007ff8652c0000 - 0x00007ff8652cc000 	C:\Windows\SYSTEM32\CRYPTBASE.dll
0x00007ff864db0000 - 0x00007ff864deb000 	C:\Windows\SYSTEM32\IPHLPAPI.DLL
0x00007ff866970000 - 0x00007ff866978000 	C:\Windows\System32\NSI.dll
0x00007ff860670000 - 0x00007ff860687000 	C:\Windows\SYSTEM32\dhcpcsvc6.DLL
0x00007ff860650000 - 0x00007ff86066d000 	C:\Windows\SYSTEM32\dhcpcsvc.DLL
0x00007ff864df0000 - 0x00007ff864eba000 	C:\Windows\SYSTEM32\DNSAPI.dll
0x00007ff850d90000 - 0x00007ff850d97000 	C:\Windows\system32\wshunix.dll
0x00007ff8587d0000 - 0x00007ff8587da000 	C:\Windows\System32\rasadhlp.dll
0x00007ff858270000 - 0x00007ff8582f0000 	C:\Windows\System32\fwpuclnt.dll

dbghelp: loaded successfully - version: 4.0.5 - missing functions: none
symbol engine: initialized successfully - sym options: 0x614 - pdb path: .;C:\Program Files\Android\Android Studio\jbr\bin;C:\Windows\SYSTEM32;C:\Windows\WinSxS\amd64_microsoft.windows.common-controls_6595b64144ccf1df_6.0.19041.4355_none_60b8b9eb71f62e16;C:\Program Files\Android\Android Studio\jbr\bin\server;C:\Users\SPIRO24\.gradle\native\e1d6ef7f7dcc3fd88c89a11ec53ec762bb8ba0a96d01ffa2cd45eb1d1d8dd5c5\windows-amd64;C:\Users\SPIRO24\.gradle\native\0d407fdbe67a94daf76414ababcb853783967236a71b16ec16e742cd7a986fd3\windows-amd64

VM Arguments:
jvm_args: --add-opens=java.base/java.util=ALL-UNNAMED --add-opens=java.base/java.lang=ALL-UNNAMED --add-opens=java.base/java.lang.invoke=ALL-UNNAMED --add-opens=java.base/java.util=ALL-UNNAMED --add-opens=java.prefs/java.util.prefs=ALL-UNNAMED --add-opens=java.prefs/java.util.prefs=ALL-UNNAMED --add-opens=java.base/java.nio.charset=ALL-UNNAMED --add-opens=java.base/java.net=ALL-UNNAMED --add-opens=java.base/java.util.concurrent.atomic=ALL-UNNAMED -Xmx4G -Dfile.encoding=windows-1252 -Duser.country=IN -Duser.language=en -Duser.variant 
java_command: org.gradle.launcher.daemon.bootstrap.GradleDaemon 7.5
java_class_path (initial): C:\Users\SPIRO24\.gradle\wrapper\dists\gradle-7.5-all\6qsw290k5lz422uaf8jf6m7co\gradle-7.5\lib\gradle-launcher-7.5.jar
Launcher Type: SUN_STANDARD

[Global flags]
     intx CICompilerCount                          = 3                                         {product} {ergonomic}
     uint ConcGCThreads                            = 1                                         {product} {ergonomic}
     uint G1ConcRefinementThreads                  = 4                                         {product} {ergonomic}
   size_t G1HeapRegionSize                         = 2097152                                   {product} {ergonomic}
    uintx GCDrainStackTargetSize                   = 64                                        {product} {ergonomic}
   size_t InitialHeapSize                          = 134217728                                 {product} {ergonomic}
   size_t MarkStackSize                            = 4194304                                   {product} {ergonomic}
   size_t MaxHeapSize                              = 4294967296                                {product} {command line}
   size_t MaxNewSize                               = 2575302656                                {product} {ergonomic}
   size_t MinHeapDeltaBytes                        = 2097152                                   {product} {ergonomic}
   size_t MinHeapSize                              = 8388608                                   {product} {ergonomic}
    uintx NonNMethodCodeHeapSize                   = 5832780                                {pd product} {ergonomic}
    uintx NonProfiledCodeHeapSize                  = 122912730                              {pd product} {ergonomic}
    uintx ProfiledCodeHeapSize                     = 122912730                              {pd product} {ergonomic}
    uintx ReservedCodeCacheSize                    = 251658240                              {pd product} {ergonomic}
     bool SegmentedCodeCache                       = true                                      {product} {ergonomic}
   size_t SoftMaxHeapSize                          = 4294967296                             {manageable} {ergonomic}
     bool UseCompressedClassPointers               = true                           {product lp64_product} {ergonomic}
     bool UseCompressedOops                        = true                           {product lp64_product} {ergonomic}
     bool UseG1GC                                  = true                                      {product} {ergonomic}
     bool UseLargePagesIndividualAllocation        = false                                  {pd product} {ergonomic}

Logging:
Log output configuration:
 #0: stdout all=warning uptime,level,tags
 #1: stderr all=off uptime,level,tags

Environment Variables:
JAVA_HOME=C:\Program Files\Android\Android Studio\jbr
CLASSPATH=D:\flutterproject\womenss\android\\gradle\wrapper\gradle-wrapper.jar
PATH=C:\Program Files\Android\Android Studio\jbr\bin;C:\Program Files (x86)\Common Files\Oracle\Java\javapath;C:\Program Files\Common Files\Oracle\Java\javapath;C:\Windows\system32;C:\Windows;C:\Windows\System32\Wbem;C:\Windows\System32\WindowsPowerShell\v1.0\;C:\Windows\System32\OpenSSH\;C:\Program Files\Java\jdk-11.0.16\bin;C:\Program Files\Java\jdk-18.0.1\bin;C:\Program Files\nodejs\;C:\Program Files\Git\cmd;D:\flutter\flutter\bin;C:\Users\SPIRO24\AppData\Local\Pub\Cache\bin;C:\Users\SPIRO24\AppData\Local\Microsoft\WindowsApps;C:\Program Files\JetBrains\IntelliJ IDEA 2021.3.3\bin;;C:\Program Files\JetBrains\IntelliJ IDEA Community Edition 2022.2.2\bin;;C:\Users\SPIRO24\AppData\Local\Programs\Microsoft VS Code\bin;C:\Users\SPIRO24\AppData\Roaming\npm;D:\flutter\flutter\bin\mingit\cmd
USERNAME=SPIRO24
OS=Windows_NT
PROCESSOR_IDENTIFIER=Intel64 Family 6 Model 94 Stepping 3, GenuineIntel
TMP=C:\Users\SPIRO24\AppData\Local\Temp
TEMP=C:\Users\SPIRO24\AppData\Local\Temp



---------------  S Y S T E M  ---------------

OS:
 Windows 10 , 64 bit Build 19041 (10.0.19041.4597)
OS uptime: 0 days 4:34 hours

CPU: total 4 (initial active 4) (2 cores per cpu, 2 threads per core) family 6 model 94 stepping 3 microcode 0xcc, cx8, cmov, fxsr, ht, mmx, 3dnowpref, sse, sse2, sse3, ssse3, sse4.1, sse4.2, popcnt, lzcnt, tsc, tscinvbit, avx, avx2, aes, erms, clmul, bmi1, bmi2, adx, fma, vzeroupper, clflush, clflushopt

Memory: 4k page, system-wide physical 8064M (286M free)
TotalPageFile size 13862M (AvailPageFile size 6M)
current process WorkingSet (physical memory assigned to process): 579M, peak: 848M
current process commit charge ("private bytes"): 2241M, peak: 2252M

vm_info: OpenJDK 64-Bit Server VM (17.0.6+0-b2043.56-9586694) for windows-amd64 JRE (17.0.6+0-b2043.56-9586694), built on Feb  9 2023 20:06:20 by "androidbuild" with MS VC++ 16.10 / 16.11 (VS2019)

END.
